ISIN,Risk_Stripe
ISIN13508,Stripe 2
ISIN13513,Stripe 6
ISIN13514,Stripe 6
ISIN13515,Stripe 6
ISIN13520,Stripe 0
ISIN13521,Stripe 0
ISIN13522,Stripe 0
ISIN13523,Stripe 0
ISIN13524,Stripe 1
ISIN13526,Stripe 0
ISIN13527,Stripe 0
ISIN13528,Stripe 0
ISIN13529,Stripe 0
ISIN13530,Stripe 0
ISIN13531,Stripe 0
ISIN13532,Stripe 0
ISIN13533,Stripe 0
ISIN13534,Stripe 0
ISIN13535,Stripe 0
ISIN13536,Stripe 0
ISIN13537,Stripe 0
ISIN13538,Stripe 0
ISIN13539,Stripe 0
ISIN13540,Stripe 0
ISIN13541,Stripe 2
ISIN13542,Stripe 5
ISIN13544,Stripe 6
ISIN13545,Stripe 6
ISIN13546,Stripe 2
ISIN13547,Stripe 2
ISIN13548,Stripe 2
ISIN13549,Stripe 2
ISIN13550,Stripe 2
ISIN13551,Stripe 2
ISIN13552,Stripe 2
ISIN13553,Stripe 2
ISIN13554,Stripe 2
ISIN13555,Stripe 2
ISIN13556,Stripe 2
ISIN13557,Stripe 4
ISIN13558,Stripe 4
ISIN13559,Stripe 4
ISIN13560,Stripe 4
ISIN13561,Stripe 0
ISIN13562,Stripe 8
ISIN13563,Stripe 8
ISIN13564,Stripe 5
ISIN13565,Stripe 5
ISIN13566,Stripe 5
ISIN13567,Stripe 5
ISIN13568,Stripe 5
ISIN13569,Stripe 5
ISIN13570,Stripe 4
ISIN13571,Stripe 2
ISIN13572,Stripe 5
ISIN13573,Stripe 5
ISIN13574,Stripe 5
ISIN13575,Stripe 5
ISIN13576,Stripe 5
ISIN13577,Stripe 6
ISIN13578,Stripe 6
ISIN13579,Stripe 2
ISIN13580,Stripe 2
ISIN13581,Stripe 6
ISIN13582,Stripe 2
ISIN13583,Stripe 2
ISIN13584,Stripe 5
ISIN13585,Stripe 5
ISIN13586,Stripe 6
ISIN13587,Stripe 6
ISIN13588,Stripe 4
ISIN13589,Stripe 0
ISIN13590,Stripe 0
ISIN13591,Stripe 0
ISIN13592,Stripe 0
ISIN13593,Stripe 0
ISIN13594,Stripe 0
ISIN13595,Stripe 0
ISIN13596,Stripe 0
ISIN13597,Stripe 0
ISIN13598,Stripe 0
ISIN13599,Stripe 0
ISIN13600,Stripe 0
ISIN13601,Stripe 4
ISIN13602,Stripe 4
ISIN13603,Stripe 6
ISIN13604,Stripe 6
ISIN13605,Stripe 4
ISIN13606,Stripe 4
ISIN13607,Stripe 4
ISIN13608,Stripe 4
ISIN13609,Stripe 4
ISIN13610,Stripe 4
ISIN13611,Stripe 4
ISIN13612,Stripe 4
ISIN13613,Stripe 4
ISIN13614,Stripe 4
ISIN13615,Stripe 4
ISIN13616,Stripe 4
ISIN13617,Stripe 4
ISIN13618,Stripe 4
ISIN13619,Stripe 4
ISIN13620,Stripe 4
ISIN13621,Stripe 4
ISIN13622,Stripe 4
ISIN13623,Stripe 4
ISIN13624,Stripe 0
ISIN13625,Stripe 0
ISIN13627,Stripe 0
ISIN13639,Stripe 0
ISIN13642,Stripe 2
ISIN13643,Stripe 2
ISIN13644,Stripe 2
ISIN13645,Stripe 2
ISIN13646,Stripe 2
ISIN13647,Stripe 2
ISIN13649,Stripe 0
ISIN13650,Stripe 0
ISIN13651,Stripe 0
ISIN13652,Stripe 0
ISIN13655,Stripe 0
ISIN13656,Stripe 0
ISIN13657,Stripe 0
ISIN13658,Stripe 0
ISIN13659,Stripe 0
ISIN13660,Stripe 0
ISIN13663,Stripe 0
ISIN13664,Stripe 3
ISIN13665,Stripe 0
ISIN13666,Stripe 3
ISIN13667,Stripe 0
ISIN13668,Stripe 3
ISIN13669,Stripe 0
ISIN13670,Stripe 3
ISIN13671,Stripe 0
ISIN13672,Stripe 2
ISIN13673,Stripe 2
ISIN13674,Stripe 2
ISIN13675,Stripe 2
ISIN13676,Stripe 2
ISIN13677,Stripe 2
ISIN13678,Stripe 2
ISIN13679,Stripe 2
ISIN13680,Stripe 2
ISIN13681,Stripe 2
ISIN13682,Stripe 2
ISIN13683,Stripe 2
ISIN13684,Stripe 2
ISIN13685,Stripe 2
ISIN13686,Stripe 2
ISIN13687,Stripe 2
ISIN13688,Stripe 2
ISIN13689,Stripe 2
ISIN13690,Stripe 2
ISIN13691,Stripe 2
ISIN13692,Stripe 2
ISIN13693,Stripe 2
ISIN13694,Stripe 2
ISIN13695,Stripe 2
ISIN13696,Stripe 2
ISIN13697,Stripe 2
ISIN13698,Stripe 2
ISIN13699,Stripe 2
ISIN13700,Stripe 2
ISIN13701,Stripe 4
ISIN13702,Stripe 4
ISIN13703,Stripe 4
ISIN13704,Stripe 4
ISIN13705,Stripe 4
ISIN13706,Stripe 4
ISIN13707,Stripe 4
ISIN13708,Stripe 2
ISIN13709,Stripe 2
ISIN13710,Stripe 2
ISIN13713,Stripe 2
ISIN13714,Stripe 2
ISIN13715,Stripe 5
ISIN13716,Stripe 5
ISIN13717,Stripe 5
ISIN13718,Stripe 5
ISIN13721,Stripe 4
ISIN13722,Stripe 4
ISIN13723,Stripe 5
ISIN13725,Stripe 0
ISIN13726,Stripe 4
ISIN13727,Stripe 4
ISIN13728,Stripe 4
ISIN13731,Stripe 2
ISIN13732,Stripe 0
ISIN13733,Stripe 0
ISIN13734,Stripe 0
ISIN13735,Stripe 0
ISIN13736,Stripe 0
ISIN13737,Stripe 0
ISIN13738,Stripe 0
ISIN13739,Stripe 0
ISIN13740,Stripe 0
ISIN13741,Stripe 0
ISIN13742,Stripe 0
ISIN13743,Stripe 0
ISIN13744,Stripe 0
ISIN13745,Stripe 0
ISIN13746,Stripe 0
ISIN13747,Stripe 0
ISIN13748,Stripe 0
ISIN13749,Stripe 0
ISIN13750,Stripe 4
ISIN13751,Stripe 1
ISIN13752,Stripe 1
ISIN13753,Stripe 1
ISIN13754,Stripe 1
ISIN13755,Stripe 1
ISIN13756,Stripe 1
ISIN13768,Stripe 2
ISIN13769,Stripe 2
ISIN13770,Stripe 2
ISIN13771,Stripe 2
ISIN13772,Stripe 2
ISIN13773,Stripe 2
ISIN13774,Stripe 2
ISIN13775,Stripe 2
ISIN13776,Stripe 2
ISIN13778,Stripe 2
ISIN13779,Stripe 2
ISIN13780,Stripe 2
ISIN13781,Stripe 2
ISIN13782,Stripe 2
ISIN13783,Stripe 2
ISIN13784,Stripe 5
ISIN13786,Stripe 4
ISIN13787,Stripe 6
ISIN13788,Stripe 0
ISIN13789,Stripe 0
ISIN13790,Stripe 0
ISIN13791,Stripe 1
ISIN13792,Stripe 1
ISIN13793,Stripe 4
ISIN13794,Stripe 4
ISIN13795,Stripe 4
ISIN13796,Stripe 2
ISIN13797,Stripe 2
ISIN13798,Stripe 2
ISIN13799,Stripe 2
ISIN13800,Stripe 2
ISIN13801,Stripe 2
ISIN13802,Stripe 2
ISIN13803,Stripe 2
ISIN13804,Stripe 2
ISIN13805,Stripe 5
ISIN13806,Stripe 8
ISIN13807,Stripe 5
ISIN13808,Stripe 5
ISIN13809,Stripe 5
ISIN13810,Stripe 5
ISIN13811,Stripe 2
ISIN13812,Stripe 2
ISIN13813,Stripe 2
ISIN13814,Stripe 2
ISIN13815,Stripe 2
ISIN13816,Stripe 2
ISIN13817,Stripe 4
ISIN13818,Stripe 8
ISIN13819,Stripe 8
ISIN13820,Stripe 8
ISIN13821,Stripe 4
ISIN13822,Stripe 4
ISIN13823,Stripe 4
ISIN13824,Stripe 4
ISIN13826,Stripe 5
ISIN13827,Stripe 2
ISIN13828,Stripe 5
ISIN13830,Stripe 2
ISIN13831,Stripe 2
ISIN13832,Stripe 2
ISIN13833,Stripe 2
ISIN13834,Stripe 2
ISIN13836,Stripe 0
ISIN13838,Stripe 4
ISIN13839,Stripe 4
ISIN13840,Stripe 4
ISIN13841,Stripe 4
ISIN13842,Stripe 4
ISIN13843,Stripe 4
ISIN13844,Stripe 4
ISIN13845,Stripe 4
ISIN13846,Stripe 4
ISIN13847,Stripe 4
ISIN13848,Stripe 4
ISIN13849,Stripe 4
ISIN13850,Stripe 4
ISIN13851,Stripe 4
ISIN13852,Stripe 4
ISIN13853,Stripe 1
ISIN13855,Stripe 1
ISIN13856,Stripe 1
ISIN13857,Stripe 1
ISIN13858,Stripe 1
ISIN13859,Stripe 1
ISIN13860,Stripe 1
ISIN13861,Stripe 2
ISIN13862,Stripe 4
ISIN13863,Stripe 4
ISIN13865,Stripe 5
ISIN13866,Stripe 5
ISIN13867,Stripe 5
ISIN13868,Stripe 5
ISIN13869,Stripe 5
ISIN13870,Stripe 5
ISIN13871,Stripe 5
ISIN13872,Stripe 1
ISIN13873,Stripe 0
ISIN13874,Stripe 0
ISIN13875,Stripe 0
ISIN13876,Stripe 0
ISIN13877,Stripe 0
ISIN13878,Stripe 0
ISIN13879,Stripe 0
ISIN13880,Stripe 0
ISIN13881,Stripe 0
ISIN13882,Stripe 0
ISIN13883,Stripe 0
ISIN13888,Stripe 5
ISIN13890,Stripe 4
ISIN13891,Stripe 2
ISIN13892,Stripe 2
ISIN13893,Stripe 6
ISIN13894,Stripe 6
ISIN13895,Stripe 6
ISIN13898,Stripe 4
ISIN13899,Stripe 6
ISIN13900,Stripe 2
ISIN13901,Stripe 0
ISIN13902,Stripe 0
ISIN13903,Stripe 0
ISIN13904,Stripe 0
ISIN13905,Stripe 0
ISIN13906,Stripe 0
ISIN13907,Stripe 0
ISIN13908,Stripe 0
ISIN13909,Stripe 0
ISIN13910,Stripe 0
ISIN13911,Stripe 0
ISIN13912,Stripe 0
ISIN13913,Stripe 0
ISIN13914,Stripe 0
ISIN13915,Stripe 0
ISIN13916,Stripe 0
ISIN13917,Stripe 0
ISIN13918,Stripe 5
ISIN13919,Stripe 2
ISIN13920,Stripe 2
ISIN13921,Stripe 4
ISIN13922,Stripe 0
ISIN13923,Stripe 0
ISIN13924,Stripe 4
ISIN13925,Stripe 4
ISIN13926,Stripe 4
ISIN13927,Stripe 4
ISIN13928,Stripe 4
ISIN13929,Stripe 4
ISIN13930,Stripe 4
ISIN13931,Stripe 4
ISIN13932,Stripe 4
ISIN13933,Stripe 4
ISIN13934,Stripe 4
ISIN13937,Stripe 5
ISIN13938,Stripe 5
ISIN13939,Stripe 8
ISIN13940,Stripe 6
ISIN13941,Stripe 0
ISIN13942,Stripe 6
ISIN13943,Stripe 6
ISIN13944,Stripe 6
ISIN13945,Stripe 6
ISIN13946,Stripe 6
ISIN13947,Stripe 6
ISIN13948,Stripe 6
ISIN13949,Stripe 6
ISIN13950,Stripe 6
ISIN13951,Stripe 6
ISIN13952,Stripe 6
ISIN13953,Stripe 6
ISIN13954,Stripe 6
ISIN13955,Stripe 6
ISIN13956,Stripe 6
ISIN13957,Stripe 6
ISIN13958,Stripe 6
ISIN13959,Stripe 6
ISIN13960,Stripe 6
ISIN13961,Stripe 6
ISIN13962,Stripe 6
ISIN13963,Stripe 2
ISIN13964,Stripe 2
ISIN13965,Stripe 5
ISIN13966,Stripe 5
ISIN13967,Stripe 6
ISIN13968,Stripe 6
ISIN13969,Stripe 2
ISIN13970,Stripe 0
ISIN13971,Stripe 0
ISIN13972,Stripe 5
ISIN13973,Stripe 2
ISIN13974,Stripe 2
ISIN13975,Stripe 2
ISIN13976,Stripe 2
ISIN13977,Stripe 2
ISIN13978,Stripe 2
ISIN13979,Stripe 8
ISIN13980,Stripe 0
ISIN13981,Stripe 0
ISIN13982,Stripe 0
ISIN13983,Stripe 0
ISIN13984,Stripe 0
ISIN13985,Stripe 0
ISIN13987,Stripe 2
ISIN13988,Stripe 2
ISIN13989,Stripe 2
ISIN13990,Stripe 2
ISIN13991,Stripe 2
ISIN13992,Stripe 2
ISIN13993,Stripe 5
ISIN13994,Stripe 2
ISIN13995,Stripe 4
ISIN13996,Stripe 4
ISIN13997,Stripe 4
ISIN13998,Stripe 5
ISIN13999,Stripe 5
ISIN14000,Stripe 5
ISIN14001,Stripe 5
ISIN14002,Stripe 5
ISIN14003,Stripe 0
ISIN14004,Stripe 5
ISIN14005,Stripe 0
ISIN14006,Stripe 0
ISIN14007,Stripe 5
ISIN14011,Stripe 4
ISIN14013,Stripe 1
ISIN14014,Stripe 1
ISIN14015,Stripe 1
ISIN14016,Stripe 1
ISIN14017,Stripe 1
ISIN14018,Stripe 1
ISIN14019,Stripe 1
ISIN14020,Stripe 1
ISIN14021,Stripe 1
ISIN14022,Stripe 1
ISIN14023,Stripe 1
ISIN14024,Stripe 1
ISIN14025,Stripe 1
ISIN14026,Stripe 1
ISIN14027,Stripe 1
ISIN14028,Stripe 4
ISIN14029,Stripe 4
ISIN14030,Stripe 4
ISIN14031,Stripe 4
ISIN14032,Stripe 4
ISIN14033,Stripe 4
ISIN14034,Stripe 0
ISIN14035,Stripe 0
ISIN14036,Stripe 0
ISIN14037,Stripe 0
ISIN14038,Stripe 0
ISIN14039,Stripe 0
ISIN14040,Stripe 0
ISIN14041,Stripe 0
ISIN14042,Stripe 4
ISIN14043,Stripe 0
ISIN14044,Stripe 0
ISIN14045,Stripe 0
ISIN14046,Stripe 0
ISIN14047,Stripe 0
ISIN14048,Stripe 0
ISIN14049,Stripe 1
ISIN14050,Stripe 1
ISIN14051,Stripe 1
ISIN14052,Stripe 1
ISIN14053,Stripe 1
ISIN14054,Stripe 1
ISIN14055,Stripe 1
ISIN14056,Stripe 1
ISIN14057,Stripe 1
ISIN14058,Stripe 1
ISIN14059,Stripe 1
ISIN14060,Stripe 1
ISIN14061,Stripe 1
ISIN14062,Stripe 0
ISIN14063,Stripe 5
ISIN14064,Stripe 5
ISIN14066,Stripe 5
ISIN14067,Stripe 0
ISIN14068,Stripe 0
ISIN14069,Stripe 0
ISIN14070,Stripe 0
ISIN14071,Stripe 2
ISIN14072,Stripe 1
ISIN14073,Stripe 1
ISIN14074,Stripe 1
ISIN14075,Stripe 1
ISIN14076,Stripe 1
ISIN14077,Stripe 1
ISIN14078,Stripe 1
ISIN14079,Stripe 1
ISIN14081,Stripe 6
ISIN14082,Stripe 4
ISIN14083,Stripe 4
ISIN14084,Stripe 0
ISIN14085,Stripe 0
ISIN14087,Stripe 0
ISIN14088,Stripe 0
ISIN14089,Stripe 0
ISIN14090,Stripe 0
ISIN14091,Stripe 0
ISIN14092,Stripe 0
ISIN14093,Stripe 0
ISIN14094,Stripe 0
ISIN14095,Stripe 0
ISIN14096,Stripe 0
ISIN14097,Stripe 0
ISIN14098,Stripe 0
ISIN14099,Stripe 0
ISIN14100,Stripe 0
ISIN14101,Stripe 0
ISIN14102,Stripe 0
ISIN14103,Stripe 0
ISIN14104,Stripe 0
ISIN14105,Stripe 0
ISIN14106,Stripe 0
ISIN14107,Stripe 0
ISIN14108,Stripe 5
ISIN14110,Stripe 5
ISIN14111,Stripe 5
ISIN14112,Stripe 5
ISIN14113,Stripe 5
ISIN14114,Stripe 5
ISIN14115,Stripe 5
ISIN14116,Stripe 5
ISIN14117,Stripe 5
ISIN14118,Stripe 5
ISIN14119,Stripe 5
ISIN14120,Stripe 5
ISIN14121,Stripe 5
ISIN14122,Stripe 5
ISIN14123,Stripe 5
ISIN14124,Stripe 5
ISIN14125,Stripe 5
ISIN14126,Stripe 5
ISIN14127,Stripe 5
ISIN14128,Stripe 5
ISIN14129,Stripe 2
ISIN14130,Stripe 2
ISIN14131,Stripe 2
ISIN14132,Stripe 2
ISIN14133,Stripe 2
ISIN14136,Stripe 2
ISIN14137,Stripe 2
ISIN14139,Stripe 4
ISIN14140,Stripe 4
ISIN14141,Stripe 4
ISIN14142,Stripe 2
ISIN14143,Stripe 2
ISIN14144,Stripe 4
ISIN14145,Stripe 4
ISIN14146,Stripe 4
ISIN14147,Stripe 4
ISIN14148,Stripe 4
ISIN14149,Stripe 4
ISIN14150,Stripe 4
ISIN14151,Stripe 2
ISIN14152,Stripe 2
ISIN14153,Stripe 2
ISIN14154,Stripe 4
ISIN14155,Stripe 0
ISIN14156,Stripe 0
ISIN14157,Stripe 0
ISIN14158,Stripe 2
ISIN14159,Stripe 2
ISIN14160,Stripe 2
ISIN14161,Stripe 2
ISIN14162,Stripe 2
ISIN14163,Stripe 2
ISIN14164,Stripe 2
ISIN14165,Stripe 2
ISIN14168,Stripe 5
ISIN14169,Stripe 6
ISIN14170,Stripe 6
ISIN14171,Stripe 6
ISIN14172,Stripe 6
ISIN14174,Stripe 0
ISIN14175,Stripe 0
ISIN14176,Stripe 2
ISIN14177,Stripe 2
ISIN14178,Stripe 4
ISIN14179,Stripe 0
ISIN14180,Stripe 2
ISIN14181,Stripe 2
ISIN14182,Stripe 2
ISIN14183,Stripe 2
ISIN14184,Stripe 2
ISIN14185,Stripe 2
ISIN14186,Stripe 2
ISIN14187,Stripe 2
ISIN14188,Stripe 2
ISIN14189,Stripe 2
ISIN14190,Stripe 2
ISIN14191,Stripe 5
ISIN14192,Stripe 5
ISIN14193,Stripe 5
ISIN14194,Stripe 5
ISIN14195,Stripe 5
ISIN14196,Stripe 5
ISIN14197,Stripe 4
ISIN14198,Stripe 4
ISIN14199,Stripe 4
ISIN14200,Stripe 4
ISIN14201,Stripe 4
ISIN14202,Stripe 4
ISIN14203,Stripe 4
ISIN14204,Stripe 4
ISIN14205,Stripe 4
ISIN14206,Stripe 2
ISIN14207,Stripe 2
ISIN14208,Stripe 0
ISIN14209,Stripe 1
ISIN14210,Stripe 5
ISIN14212,Stripe 2
ISIN14213,Stripe 2
ISIN14214,Stripe 2
ISIN14215,Stripe 2
ISIN14216,Stripe 2
ISIN14217,Stripe 2
ISIN14218,Stripe 2
ISIN14219,Stripe 2
ISIN14220,Stripe 2
ISIN14221,Stripe 2
ISIN14222,Stripe 2
ISIN14223,Stripe 2
ISIN14224,Stripe 2
ISIN14225,Stripe 2
ISIN14226,Stripe 2
ISIN14227,Stripe 2
ISIN14228,Stripe 2
ISIN14229,Stripe 2
ISIN14230,Stripe 2
ISIN14231,Stripe 2
ISIN14232,Stripe 2
ISIN14233,Stripe 2
ISIN14234,Stripe 2
ISIN14235,Stripe 2
ISIN14236,Stripe 2
ISIN14237,Stripe 2
ISIN14239,Stripe 2
ISIN14240,Stripe 2
ISIN14241,Stripe 2
ISIN14242,Stripe 2
ISIN14243,Stripe 2
ISIN14244,Stripe 2
ISIN14245,Stripe 2
ISIN14246,Stripe 2
ISIN14247,Stripe 2
ISIN14248,Stripe 2
ISIN14249,Stripe 2
ISIN14250,Stripe 2
ISIN14251,Stripe 2
ISIN14252,Stripe 2
ISIN14253,Stripe 4
ISIN14254,Stripe 4
ISIN14255,Stripe 2
ISIN14256,Stripe 2
ISIN14257,Stripe 2
ISIN14258,Stripe 4
ISIN14259,Stripe 4
ISIN14260,Stripe 4
ISIN14261,Stripe 4
ISIN14262,Stripe 4
ISIN14263,Stripe 4
ISIN14264,Stripe 4
ISIN14265,Stripe 4
ISIN14266,Stripe 4
ISIN14267,Stripe 4
ISIN14268,Stripe 4
ISIN14269,Stripe 4
ISIN14270,Stripe 2
ISIN14271,Stripe 2
ISIN14272,Stripe 2
ISIN14273,Stripe 2
ISIN14274,Stripe 2
ISIN14275,Stripe 2
ISIN14276,Stripe 2
ISIN14277,Stripe 2
ISIN14278,Stripe 2
ISIN14279,Stripe 2
ISIN14280,Stripe 2
ISIN14281,Stripe 2
ISIN14282,Stripe 2
ISIN14283,Stripe 2
ISIN14284,Stripe 2
ISIN14285,Stripe 2
ISIN14286,Stripe 2
ISIN14287,Stripe 2
ISIN14288,Stripe 2
ISIN14289,Stripe 2
ISIN14290,Stripe 2
ISIN14291,Stripe 2
ISIN14292,Stripe 2
ISIN14293,Stripe 2
ISIN14294,Stripe 2
ISIN14295,Stripe 2
ISIN14296,Stripe 2
ISIN14297,Stripe 2
ISIN14298,Stripe 2
ISIN14299,Stripe 2
ISIN14300,Stripe 2
ISIN14301,Stripe 2
ISIN14302,Stripe 2
ISIN14303,Stripe 2
ISIN14304,Stripe 2
ISIN14305,Stripe 2
ISIN14306,Stripe 2
ISIN14307,Stripe 2
ISIN14308,Stripe 2
ISIN14309,Stripe 2
ISIN14310,Stripe 4
ISIN14311,Stripe 4
ISIN14312,Stripe 4
ISIN14313,Stripe 4
ISIN14314,Stripe 4
ISIN14315,Stripe 4
ISIN14316,Stripe 4
ISIN14317,Stripe 4
ISIN14318,Stripe 4
ISIN14319,Stripe 4
ISIN14320,Stripe 2
ISIN14321,Stripe 0
ISIN14322,Stripe 0
ISIN14323,Stripe 0
ISIN14324,Stripe 0
ISIN14325,Stripe 0
ISIN14328,Stripe 2
ISIN14336,Stripe 2
ISIN14337,Stripe 2
ISIN14338,Stripe 2
ISIN14339,Stripe 2
ISIN14340,Stripe 2
ISIN14341,Stripe 2
ISIN14348,Stripe 4
ISIN14349,Stripe 4
ISIN14350,Stripe 4
ISIN14351,Stripe 4
ISIN14352,Stripe 4
ISIN14353,Stripe 4
ISIN14354,Stripe 6
ISIN14355,Stripe 6
ISIN14356,Stripe 6
ISIN14357,Stripe 6
ISIN14358,Stripe 6
ISIN14359,Stripe 6
ISIN14360,Stripe 2
ISIN14361,Stripe 2
ISIN14362,Stripe 2
ISIN14363,Stripe 4
ISIN14364,Stripe 4
ISIN14365,Stripe 4
ISIN14366,Stripe 4
ISIN14367,Stripe 4
ISIN14368,Stripe 4
ISIN14369,Stripe 4
ISIN14370,Stripe 4
ISIN14371,Stripe 4
ISIN14372,Stripe 4
ISIN14373,Stripe 4
ISIN14374,Stripe 4
ISIN14375,Stripe 4
ISIN14376,Stripe 4
ISIN14377,Stripe 4
ISIN14378,Stripe 4
ISIN14379,Stripe 4
ISIN14380,Stripe 4
ISIN14381,Stripe 4
ISIN14382,Stripe 4
ISIN14383,Stripe 4
ISIN14384,Stripe 4
ISIN14385,Stripe 6
ISIN14386,Stripe 2
ISIN14387,Stripe 0
ISIN14388,Stripe 4
ISIN14389,Stripe 2
ISIN14390,Stripe 4
ISIN14391,Stripe 4
ISIN14392,Stripe 2
ISIN14393,Stripe 2
ISIN14395,Stripe 1
ISIN14396,Stripe 2
ISIN14397,Stripe 2
ISIN14398,Stripe 4
ISIN14399,Stripe 4
ISIN14401,Stripe 4
ISIN14402,Stripe 1
ISIN14409,Stripe 0
ISIN14410,Stripe 5
ISIN14411,Stripe 5
ISIN14412,Stripe 2
ISIN14413,Stripe 2
ISIN14414,Stripe 2
ISIN14415,Stripe 2
ISIN14416,Stripe 2
ISIN14417,Stripe 8
ISIN14418,Stripe 4
ISIN14419,Stripe 4
ISIN14420,Stripe 4
ISIN14421,Stripe 4
ISIN14422,Stripe 4
ISIN14423,Stripe 4
ISIN14424,Stripe 4
ISIN14425,Stripe 0
ISIN14427,Stripe 5
ISIN14428,Stripe 5
ISIN14429,Stripe 5
ISIN14430,Stripe 5
ISIN14431,Stripe 5
ISIN14432,Stripe 5
ISIN14433,Stripe 5
ISIN14434,Stripe 4
ISIN14435,Stripe 4
ISIN14436,Stripe 4
ISIN14437,Stripe 4
ISIN14438,Stripe 4
ISIN14439,Stripe 4
ISIN14440,Stripe 4
ISIN14441,Stripe 4
ISIN14442,Stripe 4
ISIN14443,Stripe 4
ISIN14444,Stripe 4
ISIN14445,Stripe 2
ISIN14446,Stripe 2
ISIN14447,Stripe 2
ISIN14448,Stripe 2
ISIN14449,Stripe 2
ISIN14450,Stripe 2
ISIN14451,Stripe 2
ISIN14452,Stripe 4
ISIN14453,Stripe 4
ISIN14454,Stripe 4
ISIN14457,Stripe 2
ISIN14458,Stripe 2
ISIN14459,Stripe 2
ISIN14460,Stripe 2
ISIN14461,Stripe 2
ISIN14462,Stripe 2
ISIN14463,Stripe 2
ISIN14464,Stripe 2
ISIN14465,Stripe 8
ISIN14466,Stripe 8
ISIN14467,Stripe 2
ISIN14468,Stripe 2
ISIN14469,Stripe 6
ISIN14470,Stripe 4
ISIN14471,Stripe 4
ISIN14472,Stripe 4
ISIN14473,Stripe 5
ISIN14474,Stripe 5
ISIN14475,Stripe 5
ISIN14477,Stripe 5
ISIN14478,Stripe 5
ISIN14480,Stripe 5
ISIN14481,Stripe 2
ISIN14482,Stripe 2
ISIN14483,Stripe 2
ISIN14484,Stripe 5
ISIN14485,Stripe 5
ISIN14486,Stripe 5
ISIN14487,Stripe 5
ISIN14488,Stripe 5
ISIN14489,Stripe 5
ISIN14490,Stripe 5
ISIN14491,Stripe 5
ISIN14492,Stripe 5
ISIN14493,Stripe 5
ISIN14494,Stripe 5
ISIN14495,Stripe 5
ISIN14496,Stripe 5
ISIN14497,Stripe 5
ISIN14498,Stripe 5
ISIN14499,Stripe 5
ISIN14500,Stripe 5
ISIN14501,Stripe 5
ISIN14502,Stripe 5
ISIN14503,Stripe 5
ISIN14504,Stripe 5
ISIN14505,Stripe 5
ISIN14506,Stripe 5
ISIN14507,Stripe 5
ISIN14508,Stripe 5
ISIN14509,Stripe 0
ISIN14510,Stripe 0
ISIN14511,Stripe 5
ISIN14512,Stripe 2
ISIN14513,Stripe 2
ISIN14514,Stripe 2
ISIN14515,Stripe 2
ISIN14516,Stripe 2
ISIN14517,Stripe 2
ISIN14518,Stripe 2
ISIN14521,Stripe 2
ISIN14522,Stripe 2
ISIN14523,Stripe 2
ISIN14524,Stripe 2
ISIN14525,Stripe 2
ISIN14526,Stripe 2
ISIN14527,Stripe 2
ISIN14528,Stripe 2
ISIN14529,Stripe 5
ISIN14530,Stripe 5
ISIN14531,Stripe 5
ISIN14532,Stripe 5
ISIN14533,Stripe 5
ISIN14534,Stripe 5
ISIN14535,Stripe 5
ISIN14536,Stripe 5
ISIN14537,Stripe 5
ISIN14538,Stripe 5
ISIN14539,Stripe 5
ISIN14540,Stripe 5
ISIN14541,Stripe 5
ISIN14542,Stripe 8
ISIN14543,Stripe 14
ISIN14544,Stripe 14
ISIN14545,Stripe 14
ISIN14546,Stripe 14
ISIN14547,Stripe 14
ISIN14548,Stripe 14
ISIN14549,Stripe 14
ISIN14550,Stripe 14
ISIN14551,Stripe 0
ISIN14552,Stripe 0
ISIN14553,Stripe 0
ISIN14554,Stripe 0
ISIN14555,Stripe 0
ISIN14556,Stripe 0
ISIN14557,Stripe 0
ISIN14558,Stripe 0
ISIN14559,Stripe 0
ISIN14560,Stripe 0
ISIN14561,Stripe 0
ISIN14562,Stripe 0
ISIN14563,Stripe 0
ISIN14564,Stripe 0
ISIN14565,Stripe 0
ISIN14566,Stripe 0
ISIN14567,Stripe 0
ISIN14568,Stripe 0
ISIN14569,Stripe 0
ISIN14570,Stripe 0
ISIN14571,Stripe 0
ISIN14572,Stripe 0
ISIN14573,Stripe 0
ISIN14574,Stripe 0
ISIN14575,Stripe 0
ISIN14576,Stripe 0
ISIN14577,Stripe 0
ISIN14578,Stripe 0
ISIN14579,Stripe 0
ISIN14580,Stripe 0
ISIN14581,Stripe 0
ISIN14582,Stripe 0
ISIN14583,Stripe 0
ISIN14584,Stripe 0
ISIN14585,Stripe 0
ISIN14586,Stripe 0
ISIN14587,Stripe 0
ISIN14588,Stripe 0
ISIN14589,Stripe 0
ISIN14590,Stripe 0
ISIN14591,Stripe 0
ISIN14592,Stripe 0
ISIN14593,Stripe 0
ISIN14594,Stripe 0
ISIN14595,Stripe 0
ISIN14596,Stripe 0
ISIN14597,Stripe 0
ISIN14598,Stripe 0
ISIN14599,Stripe 0
ISIN14600,Stripe 0
ISIN14601,Stripe 0
ISIN14602,Stripe 0
ISIN14603,Stripe 0
ISIN14604,Stripe 0
ISIN14605,Stripe 0
ISIN14606,Stripe 0
ISIN14607,Stripe 0
ISIN14608,Stripe 0
ISIN14609,Stripe 0
ISIN14610,Stripe 0
ISIN14611,Stripe 0
ISIN14612,Stripe 0
ISIN14613,Stripe 0
ISIN14614,Stripe 0
ISIN14615,Stripe 0
ISIN14616,Stripe 0
ISIN14617,Stripe 0
ISIN14618,Stripe 0
ISIN14619,Stripe 0
ISIN14620,Stripe 0
ISIN14621,Stripe 0
ISIN14622,Stripe 0
ISIN14623,Stripe 0
ISIN14624,Stripe 0
ISIN14625,Stripe 0
ISIN14626,Stripe 0
ISIN14627,Stripe 0
ISIN14628,Stripe 0
ISIN14629,Stripe 0
ISIN14630,Stripe 0
ISIN14631,Stripe 0
ISIN14632,Stripe 0
ISIN14633,Stripe 0
ISIN14634,Stripe 0
ISIN14635,Stripe 0
ISIN14636,Stripe 0
ISIN14637,Stripe 0
ISIN14638,Stripe 0
ISIN14639,Stripe 0
ISIN14640,Stripe 0
ISIN14641,Stripe 0
ISIN14642,Stripe 0
ISIN14643,Stripe 0
ISIN14644,Stripe 0
ISIN14645,Stripe 0
ISIN14646,Stripe 0
ISIN14647,Stripe 0
ISIN14648,Stripe 0
ISIN14649,Stripe 0
ISIN14650,Stripe 0
ISIN14651,Stripe 0
ISIN14652,Stripe 0
ISIN14653,Stripe 0
ISIN14654,Stripe 0
ISIN14655,Stripe 0
ISIN14656,Stripe 0
ISIN14657,Stripe 0
ISIN14658,Stripe 0
ISIN14659,Stripe 0
ISIN14660,Stripe 0
ISIN14661,Stripe 0
ISIN14662,Stripe 0
ISIN14663,Stripe 0
ISIN14664,Stripe 0
ISIN14665,Stripe 0
ISIN14666,Stripe 0
ISIN14667,Stripe 0
ISIN14668,Stripe 0
ISIN14669,Stripe 0
ISIN14670,Stripe 0
ISIN14671,Stripe 0
ISIN14672,Stripe 0
ISIN14673,Stripe 0
ISIN14674,Stripe 0
ISIN14675,Stripe 0
ISIN14676,Stripe 0
ISIN14677,Stripe 0
ISIN14678,Stripe 0
ISIN14679,Stripe 0
ISIN14680,Stripe 0
ISIN14681,Stripe 0
ISIN14682,Stripe 0
ISIN14683,Stripe 0
ISIN14684,Stripe 0
ISIN14685,Stripe 0
ISIN14686,Stripe 0
ISIN14687,Stripe 0
ISIN14688,Stripe 0
ISIN14689,Stripe 0
ISIN14690,Stripe 0
ISIN14691,Stripe 0
ISIN14692,Stripe 0
ISIN14693,Stripe 0
ISIN14694,Stripe 0
ISIN14695,Stripe 0
ISIN14696,Stripe 0
ISIN14697,Stripe 0
ISIN14698,Stripe 0
ISIN14699,Stripe 0
ISIN14700,Stripe 0
ISIN14701,Stripe 0
ISIN14702,Stripe 0
ISIN14703,Stripe 0
ISIN14704,Stripe 0
ISIN14705,Stripe 0
ISIN14706,Stripe 0
ISIN14707,Stripe 0
ISIN14708,Stripe 0
ISIN14709,Stripe 0
ISIN14710,Stripe 0
ISIN14711,Stripe 0
ISIN14712,Stripe 0
ISIN14713,Stripe 0
ISIN14714,Stripe 0
ISIN14715,Stripe 0
ISIN14716,Stripe 0
ISIN14717,Stripe 0
ISIN14718,Stripe 0
ISIN14719,Stripe 0
ISIN14720,Stripe 0
ISIN14721,Stripe 0
ISIN14722,Stripe 0
ISIN14723,Stripe 0
ISIN14724,Stripe 0
ISIN14725,Stripe 0
ISIN14726,Stripe 0
ISIN14727,Stripe 0
ISIN14728,Stripe 0
ISIN14729,Stripe 0
ISIN14730,Stripe 0
ISIN14731,Stripe 0
ISIN14732,Stripe 0
ISIN14733,Stripe 0
ISIN14734,Stripe 0
ISIN14735,Stripe 0
ISIN14736,Stripe 0
ISIN14737,Stripe 0
ISIN14738,Stripe 0
ISIN14739,Stripe 0
ISIN14740,Stripe 0
ISIN14741,Stripe 0
ISIN14742,Stripe 0
ISIN14743,Stripe 0
ISIN14744,Stripe 0
ISIN14745,Stripe 0
ISIN14746,Stripe 0
ISIN14747,Stripe 0
ISIN14748,Stripe 0
ISIN14753,Stripe 0
ISIN14766,Stripe 0
ISIN14768,Stripe 0
ISIN14797,Stripe 2
ISIN14798,Stripe 0
ISIN14799,Stripe 0
ISIN14800,Stripe 0
ISIN14801,Stripe 5
ISIN14802,Stripe 5
ISIN14803,Stripe 5
ISIN14804,Stripe 5
ISIN14805,Stripe 2
ISIN14806,Stripe 2
ISIN14807,Stripe 5
ISIN14808,Stripe 5
ISIN14809,Stripe 5
ISIN14810,Stripe 1
ISIN14811,Stripe 0
ISIN14812,Stripe 5
ISIN14813,Stripe 5
ISIN14814,Stripe 5
ISIN14815,Stripe 5
ISIN14816,Stripe 5
ISIN14819,Stripe 5
ISIN14823,Stripe 5
ISIN14824,Stripe 5
ISIN14828,Stripe 5
ISIN14832,Stripe 5
ISIN14833,Stripe 5
ISIN14834,Stripe 5
ISIN14835,Stripe 5
ISIN14836,Stripe 5
ISIN14837,Stripe 5
ISIN14838,Stripe 5
ISIN14839,Stripe 5
ISIN14840,Stripe 5
ISIN14841,Stripe 5
ISIN14842,Stripe 5
ISIN14843,Stripe 5
ISIN14844,Stripe 5
ISIN14845,Stripe 5
ISIN14846,Stripe 5
ISIN14847,Stripe 5
ISIN14848,Stripe 5
ISIN14849,Stripe 5
ISIN14850,Stripe 5
ISIN14851,Stripe 5
ISIN14852,Stripe 5
ISIN14856,Stripe 0
ISIN14857,Stripe 0
ISIN14858,Stripe 0
ISIN14859,Stripe 0
ISIN14860,Stripe 0
ISIN14861,Stripe 0
ISIN14862,Stripe 0
ISIN14863,Stripe 0
ISIN14864,Stripe 0
ISIN14865,Stripe 0
ISIN14866,Stripe 0
ISIN14867,Stripe 0
ISIN14868,Stripe 5
ISIN14869,Stripe 5
ISIN14870,Stripe 5
ISIN14871,Stripe 5
ISIN14872,Stripe 5
ISIN14873,Stripe 5
ISIN14874,Stripe 5
ISIN14875,Stripe 0
ISIN14876,Stripe 0
ISIN14877,Stripe 0
ISIN14878,Stripe 0
ISIN14879,Stripe 0
ISIN14880,Stripe 0
ISIN14881,Stripe 0
ISIN14882,Stripe 0
ISIN14883,Stripe 0
ISIN14884,Stripe 0
ISIN14885,Stripe 0
ISIN14886,Stripe 0
ISIN14887,Stripe 0
ISIN14888,Stripe 0
ISIN14889,Stripe 0
ISIN14893,Stripe 0
ISIN14894,Stripe 0
ISIN14895,Stripe 0
ISIN14896,Stripe 0
ISIN14897,Stripe 0
ISIN14898,Stripe 0
ISIN14899,Stripe 0
ISIN14900,Stripe 0
ISIN14901,Stripe 0
ISIN14902,Stripe 0
ISIN14903,Stripe 0
ISIN14904,Stripe 0
ISIN14905,Stripe 0
ISIN14906,Stripe 0
ISIN14907,Stripe 0
ISIN14908,Stripe 0
ISIN14909,Stripe 0
ISIN14910,Stripe 0
ISIN14911,Stripe 4
ISIN14912,Stripe 4
ISIN14913,Stripe 4
ISIN14914,Stripe 4
ISIN14915,Stripe 4
ISIN14916,Stripe 2
ISIN14917,Stripe 2
ISIN14918,Stripe 2
ISIN14919,Stripe 2
ISIN14920,Stripe 2
ISIN14921,Stripe 2
ISIN14922,Stripe 2
ISIN14923,Stripe 5
ISIN14924,Stripe 2
ISIN14925,Stripe 4
ISIN14926,Stripe 4
ISIN14927,Stripe 4
ISIN14931,Stripe 5
ISIN14934,Stripe 6
ISIN14935,Stripe 6
ISIN14936,Stripe 6
ISIN14937,Stripe 6
ISIN14938,Stripe 6
ISIN14939,Stripe 6
ISIN14940,Stripe 2
ISIN14941,Stripe 8
ISIN14942,Stripe 8
ISIN14943,Stripe 2
ISIN14944,Stripe 2
ISIN14945,Stripe 2
ISIN14946,Stripe 2
ISIN14947,Stripe 2
ISIN14948,Stripe 2
ISIN14949,Stripe 2
ISIN14950,Stripe 2
ISIN14951,Stripe 4
ISIN14952,Stripe 4
ISIN14953,Stripe 4
ISIN14954,Stripe 4
ISIN14955,Stripe 4
ISIN14956,Stripe 2
ISIN14957,Stripe 2
ISIN14958,Stripe 0
ISIN14959,Stripe 2
ISIN14960,Stripe 6
ISIN14961,Stripe 6
ISIN14962,Stripe 6
ISIN14963,Stripe 6
ISIN14964,Stripe 4
ISIN14965,Stripe 1
ISIN14966,Stripe 5
ISIN14967,Stripe 0
ISIN14968,Stripe 0
ISIN14969,Stripe 5
ISIN14970,Stripe 5
ISIN14971,Stripe 4
ISIN14972,Stripe 0
ISIN14973,Stripe 4
ISIN14974,Stripe 4
ISIN14975,Stripe 4
ISIN14976,Stripe 4
ISIN14977,Stripe 10
ISIN14980,Stripe 1
ISIN14981,Stripe 3
ISIN14982,Stripe 3
ISIN14983,Stripe 3
ISIN14984,Stripe 2
ISIN14985,Stripe 2
ISIN14986,Stripe 4
ISIN14987,Stripe 4
ISIN14989,Stripe 2
ISIN14990,Stripe 0
ISIN14991,Stripe 0
ISIN14992,Stripe 0
ISIN14993,Stripe 8
ISIN14994,Stripe 8
ISIN14995,Stripe 4
ISIN14996,Stripe 4
ISIN14997,Stripe 2
ISIN14998,Stripe 2
ISIN14999,Stripe 2
ISIN15000,Stripe 2
ISIN15001,Stripe 2
ISIN15002,Stripe 2
ISIN15003,Stripe 2
ISIN15004,Stripe 2
ISIN15005,Stripe 4
ISIN15006,Stripe 4
ISIN15007,Stripe 4
ISIN15008,Stripe 4
ISIN15009,Stripe 4
ISIN15010,Stripe 0
ISIN15011,Stripe 0
ISIN15012,Stripe 0
ISIN15013,Stripe 4
ISIN15014,Stripe 2
ISIN15015,Stripe 2
ISIN15016,Stripe 2
ISIN15017,Stripe 2
ISIN15018,Stripe 2
ISIN15019,Stripe 2
ISIN15020,Stripe 2
ISIN15021,Stripe 2
ISIN15022,Stripe 2
ISIN15023,Stripe 2
ISIN15024,Stripe 2
ISIN15025,Stripe 0
ISIN15026,Stripe 8
ISIN15027,Stripe 2
ISIN15028,Stripe 0
ISIN15029,Stripe 0
ISIN15030,Stripe 0
ISIN15031,Stripe 0
ISIN15032,Stripe 0
ISIN15033,Stripe 0
ISIN15034,Stripe 0
ISIN15035,Stripe 0
ISIN15036,Stripe 2
ISIN15037,Stripe 2
ISIN15040,Stripe 6
ISIN15041,Stripe 6
ISIN15048,Stripe 2
ISIN15049,Stripe 2
ISIN15050,Stripe 2
ISIN15051,Stripe 4
ISIN15052,Stripe 4
ISIN15053,Stripe 4
ISIN15054,Stripe 4
ISIN15055,Stripe 4
ISIN15056,Stripe 4
ISIN15057,Stripe 1
ISIN15058,Stripe 1
ISIN15059,Stripe 1
ISIN15060,Stripe 1
ISIN15061,Stripe 1
ISIN15062,Stripe 1
ISIN15064,Stripe 0
ISIN15065,Stripe 0
ISIN15066,Stripe 0
ISIN15067,Stripe 0
ISIN15068,Stripe 0
ISIN15069,Stripe 2
ISIN15070,Stripe 2
ISIN15071,Stripe 2
ISIN15072,Stripe 5
ISIN15073,Stripe 5
ISIN15074,Stripe 5
ISIN15075,Stripe 0
ISIN15076,Stripe 0
ISIN15077,Stripe 2
ISIN15078,Stripe 0
ISIN15079,Stripe 0
ISIN15080,Stripe 2
ISIN15081,Stripe 2
ISIN15082,Stripe 2
ISIN15083,Stripe 4
ISIN15086,Stripe 3
ISIN15087,Stripe 3
ISIN15088,Stripe 3
ISIN15089,Stripe 2
ISIN15090,Stripe 5
ISIN15091,Stripe 5
ISIN15094,Stripe 5
ISIN15099,Stripe 4
ISIN15102,Stripe 0
ISIN15103,Stripe 0
ISIN15104,Stripe 0
ISIN15105,Stripe 2
ISIN15106,Stripe 4
ISIN15107,Stripe 4
ISIN15108,Stripe 4
ISIN15109,Stripe 2
ISIN15110,Stripe 2
ISIN15111,Stripe 2
ISIN15112,Stripe 2
ISIN15113,Stripe 2
ISIN15114,Stripe 2
ISIN15115,Stripe 2
ISIN15116,Stripe 2
ISIN15117,Stripe 2
ISIN15118,Stripe 2
ISIN15119,Stripe 2
ISIN15120,Stripe 2
ISIN15121,Stripe 2
ISIN15122,Stripe 2
ISIN15123,Stripe 2
ISIN15124,Stripe 2
ISIN15125,Stripe 2
ISIN15126,Stripe 2
ISIN15127,Stripe 2
ISIN15128,Stripe 2
ISIN15129,Stripe 2
ISIN15130,Stripe 2
ISIN15131,Stripe 2
ISIN15132,Stripe 2
ISIN15133,Stripe 2
ISIN15134,Stripe 2
ISIN15135,Stripe 2
ISIN15136,Stripe 5
ISIN15137,Stripe 4
ISIN15138,Stripe 4
ISIN15139,Stripe 2
ISIN15140,Stripe 2
ISIN15141,Stripe 2
ISIN15142,Stripe 2
ISIN15143,Stripe 2
ISIN15144,Stripe 2
ISIN15145,Stripe 2
ISIN15146,Stripe 2
ISIN15147,Stripe 2
ISIN15148,Stripe 2
ISIN15149,Stripe 2
ISIN15150,Stripe 2
ISIN15151,Stripe 2
ISIN15152,Stripe 2
ISIN15153,Stripe 2
ISIN15154,Stripe 2
ISIN15155,Stripe 2
ISIN15156,Stripe 2
ISIN15157,Stripe 2
ISIN15158,Stripe 2
ISIN15159,Stripe 2
ISIN15160,Stripe 2
ISIN15161,Stripe 2
ISIN15162,Stripe 2
ISIN15164,Stripe 2
ISIN15167,Stripe 2
ISIN15168,Stripe 2
ISIN15169,Stripe 2
ISIN15170,Stripe 2
ISIN15171,Stripe 2
ISIN15172,Stripe 2
ISIN15173,Stripe 2
ISIN15174,Stripe 2
ISIN15175,Stripe 2
ISIN15176,Stripe 2
ISIN15177,Stripe 2
ISIN15178,Stripe 2
ISIN15179,Stripe 2
ISIN15180,Stripe 2
ISIN15181,Stripe 2
ISIN15182,Stripe 2
ISIN15183,Stripe 2
ISIN15184,Stripe 2
ISIN15185,Stripe 2
ISIN15186,Stripe 2
ISIN15187,Stripe 6
ISIN15188,Stripe 6
ISIN15189,Stripe 6
ISIN15190,Stripe 6
ISIN15191,Stripe 6
ISIN15192,Stripe 6
ISIN15193,Stripe 6
ISIN15194,Stripe 6
ISIN15195,Stripe 4
ISIN15196,Stripe 4
ISIN15200,Stripe 2
ISIN15201,Stripe 2
ISIN15202,Stripe 2
ISIN15203,Stripe 2
ISIN15204,Stripe 2
ISIN15205,Stripe 4
ISIN15206,Stripe 4
ISIN15207,Stripe 4
ISIN15208,Stripe 4
ISIN15209,Stripe 4
ISIN15210,Stripe 2
ISIN15211,Stripe 4
ISIN15212,Stripe 4
ISIN15213,Stripe 4
ISIN15214,Stripe 4
ISIN15215,Stripe 4
ISIN15216,Stripe 4
ISIN15217,Stripe 5
ISIN15265,Stripe 0
ISIN15277,Stripe 3
ISIN15280,Stripe 3
ISIN15281,Stripe 3
ISIN15282,Stripe 3
ISIN15283,Stripe 3
ISIN15284,Stripe 3
ISIN15285,Stripe 3
ISIN15286,Stripe 3
ISIN15289,Stripe 3
ISIN15290,Stripe 3
ISIN15307,Stripe 3
ISIN15418,Stripe 3
ISIN15419,Stripe 3
ISIN15444,Stripe 0
ISIN15452,Stripe 3
ISIN15467,Stripe 3
ISIN15475,Stripe 3
ISIN15476,Stripe 3
ISIN15477,Stripe 3
ISIN15478,Stripe 3
ISIN15479,Stripe 3
ISIN15480,Stripe 3
ISIN15481,Stripe 3
ISIN15482,Stripe 3
ISIN15483,Stripe 3
ISIN15484,Stripe 3
ISIN15485,Stripe 3
ISIN15486,Stripe 3
ISIN15487,Stripe 3
ISIN15488,Stripe 3
ISIN15489,Stripe 3
ISIN15490,Stripe 3
ISIN15491,Stripe 3
ISIN15492,Stripe 3
ISIN15493,Stripe 3
ISIN15494,Stripe 3
ISIN15495,Stripe 3
ISIN15550,Stripe 3
ISIN15551,Stripe 3
ISIN15552,Stripe 3
ISIN15553,Stripe 3
ISIN15554,Stripe 3
ISIN15555,Stripe 3
ISIN15556,Stripe 3
ISIN15557,Stripe 3
ISIN15558,Stripe 3
ISIN15559,Stripe 3
ISIN15560,Stripe 3
ISIN15561,Stripe 3
ISIN15562,Stripe 3
ISIN15563,Stripe 3
ISIN15564,Stripe 3
ISIN15565,Stripe 3
ISIN15566,Stripe 3
ISIN15633,Stripe 2
ISIN15634,Stripe 2
ISIN15635,Stripe 2
ISIN15636,Stripe 2
ISIN15637,Stripe 2
ISIN15638,Stripe 6
ISIN15639,Stripe 2
ISIN15640,Stripe 4
ISIN15641,Stripe 2
ISIN15642,Stripe 2
ISIN15643,Stripe 0
ISIN15644,Stripe 2
ISIN15645,Stripe 2
ISIN15646,Stripe 2
ISIN15647,Stripe 6
ISIN15648,Stripe 6
ISIN15649,Stripe 2
ISIN15650,Stripe 2
ISIN15651,Stripe 2
ISIN15652,Stripe 6
ISIN15653,Stripe 6
ISIN15654,Stripe 8
ISIN15655,Stripe 2
ISIN15656,Stripe 2
ISIN15657,Stripe 4
ISIN15658,Stripe 4
ISIN15659,Stripe 6
ISIN15660,Stripe 6
ISIN15661,Stripe 6
ISIN15662,Stripe 6
ISIN15663,Stripe 2
ISIN15664,Stripe 1
ISIN15665,Stripe 1
ISIN15666,Stripe 1
ISIN15667,Stripe 1
ISIN15668,Stripe 1
ISIN15670,Stripe 1
ISIN15671,Stripe 1
ISIN15675,Stripe 1
ISIN15676,Stripe 1
ISIN15677,Stripe 1
ISIN15678,Stripe 1
ISIN15679,Stripe 1
ISIN15681,Stripe 1
ISIN15682,Stripe 1
ISIN15683,Stripe 1
ISIN15684,Stripe 1
ISIN15685,Stripe 1
ISIN15686,Stripe 1
ISIN15687,Stripe 1
ISIN15688,Stripe 1
ISIN15689,Stripe 1
ISIN15690,Stripe 1
ISIN15691,Stripe 1
ISIN15693,Stripe 1
ISIN15694,Stripe 1
ISIN15696,Stripe 1
ISIN15701,Stripe 8
ISIN15703,Stripe 0
ISIN15704,Stripe 0
ISIN15705,Stripe 0
ISIN15706,Stripe 0
ISIN15707,Stripe 0
ISIN15708,Stripe 0
ISIN15709,Stripe 0
ISIN15710,Stripe 0
ISIN15711,Stripe 0
ISIN15712,Stripe 0
ISIN15713,Stripe 0
ISIN15714,Stripe 0
ISIN15715,Stripe 0
ISIN15716,Stripe 0
ISIN15717,Stripe 0
ISIN15718,Stripe 0
ISIN15719,Stripe 0
ISIN15720,Stripe 0
ISIN15721,Stripe 0
ISIN15722,Stripe 0
ISIN15723,Stripe 0
ISIN15726,Stripe 4
ISIN15727,Stripe 4
ISIN15728,Stripe 4
ISIN15729,Stripe 4
ISIN15730,Stripe 4
ISIN15731,Stripe 4
ISIN15732,Stripe 2
ISIN15733,Stripe 8
ISIN15734,Stripe 8
ISIN15735,Stripe 2
ISIN15736,Stripe 2
ISIN15737,Stripe 4
ISIN15738,Stripe 1
ISIN15739,Stripe 1
ISIN15740,Stripe 0
ISIN15741,Stripe 0
ISIN15742,Stripe 0
ISIN15743,Stripe 0
ISIN15744,Stripe 0
ISIN15745,Stripe 0
ISIN15746,Stripe 0
ISIN15747,Stripe 0
ISIN15748,Stripe 0
ISIN15749,Stripe 0
ISIN15750,Stripe 0
ISIN15751,Stripe 0
ISIN15752,Stripe 0
ISIN15753,Stripe 0
ISIN15754,Stripe 0
ISIN15755,Stripe 0
ISIN15756,Stripe 0
ISIN15757,Stripe 0
ISIN15758,Stripe 0
ISIN15759,Stripe 0
ISIN15760,Stripe 0
ISIN15761,Stripe 0
ISIN15762,Stripe 0
ISIN15763,Stripe 0
ISIN15764,Stripe 0
ISIN15765,Stripe 0
ISIN15766,Stripe 0
ISIN15767,Stripe 0
ISIN15768,Stripe 0
ISIN15769,Stripe 0
ISIN15770,Stripe 0
ISIN15771,Stripe 0
ISIN15772,Stripe 0
ISIN15773,Stripe 0
ISIN15774,Stripe 0
ISIN15775,Stripe 0
ISIN15776,Stripe 0
ISIN15777,Stripe 0
ISIN15778,Stripe 0
ISIN15779,Stripe 0
ISIN15780,Stripe 0
ISIN15781,Stripe 0
ISIN15782,Stripe 0
ISIN15783,Stripe 0
ISIN15784,Stripe 0
ISIN15785,Stripe 0
ISIN15786,Stripe 0
ISIN15787,Stripe 0
ISIN15788,Stripe 0
ISIN15789,Stripe 0
ISIN15790,Stripe 0
ISIN15791,Stripe 0
ISIN15792,Stripe 0
ISIN15794,Stripe 0
ISIN15795,Stripe 0
ISIN15796,Stripe 0
ISIN15797,Stripe 0
ISIN15798,Stripe 0
ISIN15799,Stripe 0
ISIN15800,Stripe 0
ISIN15801,Stripe 0
ISIN15802,Stripe 0
ISIN15803,Stripe 0
ISIN15804,Stripe 0
ISIN15805,Stripe 0
ISIN15806,Stripe 0
ISIN15807,Stripe 0
ISIN15808,Stripe 0
ISIN15809,Stripe 0
ISIN15810,Stripe 0
ISIN15811,Stripe 0
ISIN15812,Stripe 0
ISIN15813,Stripe 0
ISIN15814,Stripe 0
ISIN15815,Stripe 0
ISIN15816,Stripe 0
ISIN15817,Stripe 0
ISIN15818,Stripe 0
ISIN15819,Stripe 0
ISIN15820,Stripe 0
ISIN15821,Stripe 0
ISIN15822,Stripe 0
ISIN15823,Stripe 0
ISIN15824,Stripe 0
ISIN15825,Stripe 0
ISIN15826,Stripe 0
ISIN15827,Stripe 0
ISIN15828,Stripe 0
ISIN15829,Stripe 0
ISIN15830,Stripe 0
ISIN15831,Stripe 0
ISIN15832,Stripe 0
ISIN15833,Stripe 0
ISIN15834,Stripe 0
ISIN15835,Stripe 0
ISIN15836,Stripe 0
ISIN15837,Stripe 0
ISIN15838,Stripe 0
ISIN15839,Stripe 0
ISIN15840,Stripe 0
ISIN15841,Stripe 0
ISIN15842,Stripe 0
ISIN15843,Stripe 0
ISIN15844,Stripe 0
ISIN15845,Stripe 0
ISIN15846,Stripe 0
ISIN15847,Stripe 0
ISIN15848,Stripe 0
ISIN15849,Stripe 0
ISIN15850,Stripe 0
ISIN15851,Stripe 0
ISIN15852,Stripe 0
ISIN15853,Stripe 0
ISIN15854,Stripe 0
ISIN15855,Stripe 0
ISIN15856,Stripe 0
ISIN15857,Stripe 0
ISIN15858,Stripe 0
ISIN15859,Stripe 0
ISIN15860,Stripe 0
ISIN15861,Stripe 0
ISIN15862,Stripe 0
ISIN15863,Stripe 0
ISIN15864,Stripe 0
ISIN15865,Stripe 0
ISIN15867,Stripe 0
ISIN15868,Stripe 0
ISIN15869,Stripe 0
ISIN15870,Stripe 0
ISIN15871,Stripe 0
ISIN15872,Stripe 0
ISIN15873,Stripe 0
ISIN15874,Stripe 0
ISIN15875,Stripe 0
ISIN15876,Stripe 0
ISIN15877,Stripe 0
ISIN15878,Stripe 0
ISIN15879,Stripe 0
ISIN15880,Stripe 0
ISIN15881,Stripe 0
ISIN15882,Stripe 0
ISIN15883,Stripe 0
ISIN15884,Stripe 0
ISIN15885,Stripe 0
ISIN15886,Stripe 0
ISIN15887,Stripe 0
ISIN15888,Stripe 0
ISIN15890,Stripe 0
ISIN15891,Stripe 0
ISIN15892,Stripe 0
ISIN15893,Stripe 0
ISIN15894,Stripe 0
ISIN15895,Stripe 0
ISIN15896,Stripe 0
ISIN15897,Stripe 0
ISIN15898,Stripe 0
ISIN15899,Stripe 0
ISIN15902,Stripe 0
ISIN15903,Stripe 0
ISIN15904,Stripe 0
ISIN15905,Stripe 0
ISIN15906,Stripe 0
ISIN15907,Stripe 0
ISIN15908,Stripe 0
ISIN15909,Stripe 0
ISIN15910,Stripe 0
ISIN15911,Stripe 0
ISIN15912,Stripe 0
ISIN15913,Stripe 0
ISIN15914,Stripe 0
ISIN15915,Stripe 0
ISIN15916,Stripe 0
ISIN15917,Stripe 0
ISIN15918,Stripe 0
ISIN15919,Stripe 0
ISIN15920,Stripe 0
ISIN15921,Stripe 0
ISIN15922,Stripe 0
ISIN15923,Stripe 0
ISIN15924,Stripe 0
ISIN15926,Stripe 0
ISIN15927,Stripe 0
ISIN15928,Stripe 0
ISIN15929,Stripe 0
ISIN15930,Stripe 0
ISIN15931,Stripe 0
ISIN15932,Stripe 0
ISIN15933,Stripe 0
ISIN15934,Stripe 0
ISIN15935,Stripe 0
ISIN15936,Stripe 0
ISIN15937,Stripe 0
ISIN15938,Stripe 0
ISIN15939,Stripe 0
ISIN15940,Stripe 0
ISIN15941,Stripe 0
ISIN15942,Stripe 0
ISIN15943,Stripe 4
ISIN15945,Stripe 4
ISIN15946,Stripe 4
ISIN15947,Stripe 4
ISIN15948,Stripe 4
ISIN15949,Stripe 4
ISIN15950,Stripe 4
ISIN15951,Stripe 4
ISIN15952,Stripe 8
ISIN15953,Stripe 8
ISIN15954,Stripe 2
ISIN15955,Stripe 0
ISIN15956,Stripe 0
ISIN15957,Stripe 2
ISIN15958,Stripe 2
ISIN15959,Stripe 2
ISIN15960,Stripe 2
ISIN15961,Stripe 2
ISIN15962,Stripe 2
ISIN15963,Stripe 4
ISIN15964,Stripe 2
ISIN15965,Stripe 2
ISIN15966,Stripe 2
ISIN15967,Stripe 2
ISIN15968,Stripe 2
ISIN15969,Stripe 2
ISIN15970,Stripe 2
ISIN15973,Stripe 2
ISIN15974,Stripe 0
ISIN15975,Stripe 2
ISIN15976,Stripe 2
ISIN15981,Stripe 5
ISIN15984,Stripe 2
ISIN15985,Stripe 2
ISIN15986,Stripe 2
ISIN15988,Stripe 2
ISIN15991,Stripe 0
ISIN15992,Stripe 0
ISIN15993,Stripe 0
ISIN15994,Stripe 0
ISIN15995,Stripe 0
ISIN15996,Stripe 0
ISIN15997,Stripe 0
ISIN15998,Stripe 0
ISIN15999,Stripe 0
ISIN16000,Stripe 0
ISIN16005,Stripe 4
ISIN16006,Stripe 4
ISIN16030,Stripe 2
ISIN16031,Stripe 2
ISIN16032,Stripe 2
ISIN16035,Stripe 1
ISIN16036,Stripe 3
ISIN16037,Stripe 3
ISIN16038,Stripe 1
ISIN16039,Stripe 1
ISIN16040,Stripe 1
ISIN16041,Stripe 3
ISIN16042,Stripe 2
ISIN16043,Stripe 2
ISIN16045,Stripe 0
ISIN16046,Stripe 0
ISIN16047,Stripe 0
ISIN16048,Stripe 0
ISIN16049,Stripe 0
ISIN16050,Stripe 0
ISIN16051,Stripe 0
ISIN16052,Stripe 2
ISIN16053,Stripe 2
ISIN16054,Stripe 2
ISIN16055,Stripe 2
ISIN16056,Stripe 2
ISIN16057,Stripe 2
ISIN16058,Stripe 2
ISIN16059,Stripe 2
ISIN16060,Stripe 4
ISIN16061,Stripe 4
ISIN16062,Stripe 4
ISIN16063,Stripe 4
ISIN16064,Stripe 4
ISIN16065,Stripe 4
ISIN16066,Stripe 4
ISIN16068,Stripe 2
ISIN16069,Stripe 4
ISIN16070,Stripe 0
ISIN16071,Stripe 0
ISIN16072,Stripe 0
ISIN16073,Stripe 0
ISIN16074,Stripe 0
ISIN16075,Stripe 0
ISIN16076,Stripe 6
ISIN16077,Stripe 6
ISIN16078,Stripe 2
ISIN16079,Stripe 2
ISIN16080,Stripe 2
ISIN16081,Stripe 2
ISIN16082,Stripe 2
ISIN16083,Stripe 2
ISIN16084,Stripe 5
ISIN16086,Stripe 2
ISIN16088,Stripe 6
ISIN16089,Stripe 6
ISIN16091,Stripe 6
ISIN16092,Stripe 6
ISIN16093,Stripe 6
ISIN16094,Stripe 6
ISIN16095,Stripe 2
ISIN16096,Stripe 2
ISIN16097,Stripe 2
ISIN16098,Stripe 4
ISIN16099,Stripe 2
ISIN16100,Stripe 2
ISIN16101,Stripe 2
ISIN16102,Stripe 2
ISIN16103,Stripe 2
ISIN16104,Stripe 2
ISIN16105,Stripe 2
ISIN16106,Stripe 2
ISIN16107,Stripe 2
ISIN16108,Stripe 2
ISIN16109,Stripe 2
ISIN16110,Stripe 2
ISIN16111,Stripe 2
ISIN16112,Stripe 2
ISIN16113,Stripe 2
ISIN16116,Stripe 5
ISIN16117,Stripe 0
ISIN16118,Stripe 4
ISIN16119,Stripe 0
ISIN16120,Stripe 0
ISIN16121,Stripe 0
ISIN16122,Stripe 0
ISIN16123,Stripe 2
ISIN16124,Stripe 5
ISIN16125,Stripe 4
ISIN16126,Stripe 2
ISIN16127,Stripe 2
ISIN16128,Stripe 2
ISIN16129,Stripe 0
ISIN16130,Stripe 0
ISIN16131,Stripe 0
ISIN16132,Stripe 0
ISIN16133,Stripe 0
ISIN16134,Stripe 0
ISIN16135,Stripe 0
ISIN16136,Stripe 0
ISIN16137,Stripe 0
ISIN16138,Stripe 0
ISIN16139,Stripe 0
ISIN16140,Stripe 0
ISIN16141,Stripe 6
ISIN16142,Stripe 6
ISIN16143,Stripe 6
ISIN16144,Stripe 2
ISIN16145,Stripe 2
ISIN16146,Stripe 2
ISIN16147,Stripe 2
ISIN16148,Stripe 2
ISIN16149,Stripe 2
ISIN16150,Stripe 2
ISIN16151,Stripe 2
ISIN16152,Stripe 2
ISIN16153,Stripe 2
ISIN16154,Stripe 2
ISIN16155,Stripe 2
ISIN16156,Stripe 2
ISIN16157,Stripe 2
ISIN16159,Stripe 4
ISIN16160,Stripe 4
ISIN16161,Stripe 4
ISIN16162,Stripe 2
ISIN16163,Stripe 4
ISIN16164,Stripe 4
ISIN16165,Stripe 2
ISIN16166,Stripe 4
ISIN16167,Stripe 4
ISIN16168,Stripe 4
ISIN16169,Stripe 4
ISIN16170,Stripe 4
ISIN16171,Stripe 4
ISIN16172,Stripe 4
ISIN16173,Stripe 4
ISIN16174,Stripe 4
ISIN16175,Stripe 4
ISIN16176,Stripe 4
ISIN16177,Stripe 4
ISIN16178,Stripe 4
ISIN16179,Stripe 4
ISIN16180,Stripe 4
ISIN16181,Stripe 4
ISIN16182,Stripe 4
ISIN16183,Stripe 4
ISIN16184,Stripe 4
ISIN16185,Stripe 4
ISIN16186,Stripe 4
ISIN16187,Stripe 4
ISIN16190,Stripe 2
ISIN16191,Stripe 2
ISIN16192,Stripe 4
ISIN16193,Stripe 2
ISIN16194,Stripe 2
ISIN16195,Stripe 2
ISIN16196,Stripe 2
ISIN16197,Stripe 2
ISIN16198,Stripe 2
ISIN16199,Stripe 5
ISIN16200,Stripe 5
ISIN16201,Stripe 5
ISIN16202,Stripe 4
ISIN16203,Stripe 2
ISIN16204,Stripe 2
ISIN16205,Stripe 2
ISIN16206,Stripe 2
ISIN16207,Stripe 1
ISIN16208,Stripe 2
ISIN16209,Stripe 0
ISIN16210,Stripe 0
ISIN16211,Stripe 0
ISIN16212,Stripe 0
ISIN16213,Stripe 0
ISIN16214,Stripe 0
ISIN16215,Stripe 0
ISIN16216,Stripe 0
ISIN16217,Stripe 0
ISIN16218,Stripe 0
ISIN16219,Stripe 0
ISIN16220,Stripe 0
ISIN16221,Stripe 0
ISIN16222,Stripe 0
ISIN16223,Stripe 0
ISIN16224,Stripe 0
ISIN16225,Stripe 0
ISIN16226,Stripe 0
ISIN16227,Stripe 0
ISIN16228,Stripe 0
ISIN16229,Stripe 8
ISIN16230,Stripe 8
ISIN16231,Stripe 8
ISIN16232,Stripe 8
ISIN16233,Stripe 4
ISIN16234,Stripe 4
ISIN16235,Stripe 4
ISIN16236,Stripe 6
ISIN16237,Stripe 6
ISIN16238,Stripe 6
ISIN16239,Stripe 6
ISIN16240,Stripe 6
ISIN16241,Stripe 6
ISIN16242,Stripe 6
ISIN16243,Stripe 2
ISIN16244,Stripe 0
ISIN16246,Stripe 0
ISIN16247,Stripe 0
ISIN16248,Stripe 0
ISIN16250,Stripe 2
ISIN16252,Stripe 2
ISIN16253,Stripe 2
ISIN16254,Stripe 2
ISIN16255,Stripe 2
ISIN16257,Stripe 2
ISIN16258,Stripe 2
ISIN16259,Stripe 2
ISIN16260,Stripe 2
ISIN16261,Stripe 2
ISIN16262,Stripe 2
ISIN16263,Stripe 2
ISIN16264,Stripe 4
ISIN16265,Stripe 4
ISIN16266,Stripe 2
ISIN16267,Stripe 2
ISIN16268,Stripe 2
ISIN16272,Stripe 1
ISIN16274,Stripe 1
ISIN16281,Stripe 1
ISIN16282,Stripe 1
ISIN16283,Stripe 1
ISIN16284,Stripe 1
ISIN16286,Stripe 1
ISIN16295,Stripe 1
ISIN16296,Stripe 1
ISIN16297,Stripe 1
ISIN16298,Stripe 1
ISIN16301,Stripe 1
ISIN16302,Stripe 1
ISIN16303,Stripe 1
ISIN16304,Stripe 1
ISIN16305,Stripe 1
ISIN16306,Stripe 1
ISIN16308,Stripe 1
ISIN16309,Stripe 1
ISIN16310,Stripe 1
ISIN16315,Stripe 1
ISIN16319,Stripe 1
ISIN16325,Stripe 1
ISIN16326,Stripe 1
ISIN16387,Stripe 6
ISIN16399,Stripe 5
ISIN16400,Stripe 4
ISIN16401,Stripe 2
ISIN16402,Stripe 2
ISIN16403,Stripe 2
ISIN16404,Stripe 2
ISIN16407,Stripe 8
ISIN16408,Stripe 0
ISIN16411,Stripe 2
ISIN16412,Stripe 2
ISIN16413,Stripe 0
ISIN16414,Stripe 4
ISIN16416,Stripe 2
ISIN16417,Stripe 5
ISIN16418,Stripe 5
ISIN16419,Stripe 5
ISIN16420,Stripe 5
ISIN16421,Stripe 5
ISIN16422,Stripe 5
ISIN16423,Stripe 5
ISIN16424,Stripe 5
ISIN16425,Stripe 5
ISIN16426,Stripe 5
ISIN16427,Stripe 5
ISIN16428,Stripe 5
ISIN16429,Stripe 5
ISIN16430,Stripe 5
ISIN16431,Stripe 5
ISIN16432,Stripe 5
ISIN16433,Stripe 5
ISIN16434,Stripe 5
ISIN16435,Stripe 5
ISIN16436,Stripe 5
ISIN16438,Stripe 5
ISIN16439,Stripe 5
ISIN16440,Stripe 5
ISIN16441,Stripe 0
ISIN16442,Stripe 0
ISIN16443,Stripe 0
ISIN16444,Stripe 0
ISIN16445,Stripe 0
ISIN16446,Stripe 0
ISIN16447,Stripe 0
ISIN16448,Stripe 0
ISIN16449,Stripe 6
ISIN16450,Stripe 5
ISIN16451,Stripe 5
ISIN16452,Stripe 5
ISIN16453,Stripe 5
ISIN16455,Stripe 8
ISIN16456,Stripe 4
ISIN16457,Stripe 4
ISIN16458,Stripe 4
ISIN16459,Stripe 4
ISIN16460,Stripe 5
ISIN16461,Stripe 5
ISIN16462,Stripe 5
ISIN16463,Stripe 5
ISIN16464,Stripe 5
ISIN16465,Stripe 0
ISIN16466,Stripe 4
ISIN16467,Stripe 4
ISIN16468,Stripe 4
ISIN16469,Stripe 2
ISIN16470,Stripe 2
ISIN16471,Stripe 2
ISIN16472,Stripe 2
ISIN16473,Stripe 2
ISIN16474,Stripe 1
ISIN16476,Stripe 0
ISIN16477,Stripe 0
ISIN16478,Stripe 5
ISIN16479,Stripe 5
ISIN16480,Stripe 5
ISIN16481,Stripe 5
ISIN16482,Stripe 5
ISIN16483,Stripe 5
ISIN16484,Stripe 4
ISIN16485,Stripe 4
ISIN16486,Stripe 4
ISIN16487,Stripe 4
ISIN16488,Stripe 4
ISIN16490,Stripe 0
ISIN16491,Stripe 0
ISIN16492,Stripe 0
ISIN16493,Stripe 1
ISIN16494,Stripe 1
ISIN16495,Stripe 8
ISIN16499,Stripe 4
ISIN16500,Stripe 4
ISIN16501,Stripe 4
ISIN16502,Stripe 4
ISIN16503,Stripe 4
ISIN16504,Stripe 4
ISIN16505,Stripe 4
ISIN16506,Stripe 4
ISIN16507,Stripe 4
ISIN16508,Stripe 4
ISIN16509,Stripe 2
ISIN16510,Stripe 2
ISIN16511,Stripe 2
ISIN16512,Stripe 2
ISIN16513,Stripe 2
ISIN16514,Stripe 2
ISIN16515,Stripe 2
ISIN16516,Stripe 2
ISIN16517,Stripe 0
ISIN16518,Stripe 2
ISIN16519,Stripe 2
ISIN16520,Stripe 0
ISIN16521,Stripe 0
ISIN16522,Stripe 0
ISIN16523,Stripe 0
ISIN16524,Stripe 0
ISIN16525,Stripe 2
ISIN16526,Stripe 2
ISIN16527,Stripe 2
ISIN16528,Stripe 8
ISIN16529,Stripe 8
ISIN16530,Stripe 8
ISIN16531,Stripe 8
ISIN16532,Stripe 8
ISIN16533,Stripe 8
ISIN16534,Stripe 6
ISIN16535,Stripe 8
ISIN16536,Stripe 8
ISIN16537,Stripe 6
ISIN16538,Stripe 8
ISIN16539,Stripe 8
ISIN16540,Stripe 8
ISIN16541,Stripe 8
ISIN16542,Stripe 8
ISIN16543,Stripe 8
ISIN16544,Stripe 5
ISIN16545,Stripe 2
ISIN16546,Stripe 2
ISIN16556,Stripe 5
ISIN16557,Stripe 5
ISIN16558,Stripe 3
ISIN16559,Stripe 3
ISIN16560,Stripe 3
ISIN16561,Stripe 3
ISIN16562,Stripe 3
ISIN16563,Stripe 2
ISIN16564,Stripe 2
ISIN16565,Stripe 2
ISIN16566,Stripe 2
ISIN16567,Stripe 2
ISIN16568,Stripe 2
ISIN16569,Stripe 2
ISIN16570,Stripe 2
ISIN16571,Stripe 2
ISIN16572,Stripe 2
ISIN16573,Stripe 2
ISIN16574,Stripe 2
ISIN16575,Stripe 2
ISIN16576,Stripe 2
ISIN16577,Stripe 2
ISIN16578,Stripe 6
ISIN16580,Stripe 1
ISIN16581,Stripe 1
ISIN16582,Stripe 1
ISIN16583,Stripe 1
ISIN16584,Stripe 1
ISIN16585,Stripe 1
ISIN16586,Stripe 1
ISIN16587,Stripe 1
ISIN16588,Stripe 1
ISIN16589,Stripe 1
ISIN16590,Stripe 2
ISIN16591,Stripe 4
ISIN16592,Stripe 4
ISIN16593,Stripe 4
ISIN16594,Stripe 4
ISIN16595,Stripe 4
ISIN16596,Stripe 4
ISIN16597,Stripe 4
ISIN16598,Stripe 4
ISIN16599,Stripe 4
ISIN16600,Stripe 4
ISIN16601,Stripe 4
ISIN16602,Stripe 4
ISIN16603,Stripe 4
ISIN16604,Stripe 4
ISIN16605,Stripe 4
ISIN16606,Stripe 4
ISIN16607,Stripe 4
ISIN16608,Stripe 4
ISIN16609,Stripe 6
ISIN16611,Stripe 0
ISIN16612,Stripe 2
ISIN16613,Stripe 2
ISIN16614,Stripe 2
ISIN16615,Stripe 2
ISIN16616,Stripe 2
ISIN16617,Stripe 2
ISIN16619,Stripe 6
ISIN16620,Stripe 6
ISIN16621,Stripe 2
ISIN16622,Stripe 0
ISIN16623,Stripe 4
ISIN16624,Stripe 2
ISIN16625,Stripe 4
ISIN16626,Stripe 2
ISIN16627,Stripe 2
ISIN16628,Stripe 2
ISIN16629,Stripe 2
ISIN16630,Stripe 2
ISIN16632,Stripe 2
ISIN16633,Stripe 2
ISIN16634,Stripe 2
ISIN16635,Stripe 2
ISIN16637,Stripe 5
ISIN16638,Stripe 2
ISIN16639,Stripe 3
ISIN16640,Stripe 3
ISIN16641,Stripe 3
ISIN16642,Stripe 3
ISIN16643,Stripe 3
ISIN16644,Stripe 3
ISIN16645,Stripe 3
ISIN16646,Stripe 3
ISIN16647,Stripe 3
ISIN16648,Stripe 3
ISIN16649,Stripe 3
ISIN16650,Stripe 3
ISIN16651,Stripe 3
ISIN16652,Stripe 3
ISIN16653,Stripe 3
ISIN16654,Stripe 3
ISIN16655,Stripe 0
ISIN16656,Stripe 3
ISIN16657,Stripe 5
ISIN16671,Stripe 2
ISIN16672,Stripe 2
ISIN16673,Stripe 2
ISIN16674,Stripe 4
ISIN16675,Stripe 4
ISIN16676,Stripe 2
ISIN16677,Stripe 2
ISIN16678,Stripe 2
ISIN16679,Stripe 3
ISIN16680,Stripe 3
ISIN16683,Stripe 4
ISIN16684,Stripe 4
ISIN16685,Stripe 4
ISIN16686,Stripe 4
ISIN16687,Stripe 2
ISIN16688,Stripe 4
ISIN16689,Stripe 4
ISIN16690,Stripe 2
ISIN16691,Stripe 2
ISIN16692,Stripe 2
ISIN16693,Stripe 3
ISIN16694,Stripe 3
ISIN16695,Stripe 3
ISIN16696,Stripe 3
ISIN16698,Stripe 8
ISIN16699,Stripe 8
ISIN16700,Stripe 8
ISIN16701,Stripe 8
ISIN16702,Stripe 4
ISIN16703,Stripe 4
ISIN16704,Stripe 4
ISIN16705,Stripe 4
ISIN16706,Stripe 4
ISIN16707,Stripe 4
ISIN16708,Stripe 4
ISIN16709,Stripe 4
ISIN16710,Stripe 4
ISIN16711,Stripe 4
ISIN16712,Stripe 4
ISIN16713,Stripe 4
ISIN16716,Stripe 5
ISIN16717,Stripe 5
ISIN16719,Stripe 1
ISIN16720,Stripe 1
ISIN16721,Stripe 1
ISIN16722,Stripe 1
ISIN16723,Stripe 1
ISIN16724,Stripe 1
ISIN16725,Stripe 1
ISIN16726,Stripe 1
ISIN16727,Stripe 1
ISIN16728,Stripe 1
ISIN16729,Stripe 1
ISIN16732,Stripe 1
ISIN16733,Stripe 1
ISIN16734,Stripe 1
ISIN16735,Stripe 1
ISIN16736,Stripe 1
ISIN16737,Stripe 1
ISIN16738,Stripe 1
ISIN16739,Stripe 2
ISIN16740,Stripe 2
ISIN16741,Stripe 2
ISIN16742,Stripe 2
ISIN16743,Stripe 2
ISIN16744,Stripe 2
ISIN16745,Stripe 5
ISIN16746,Stripe 5
ISIN16747,Stripe 5
ISIN16748,Stripe 1
ISIN16749,Stripe 2
ISIN16750,Stripe 2
ISIN16751,Stripe 3
ISIN16752,Stripe 3
ISIN16753,Stripe 3
ISIN16754,Stripe 3
ISIN16755,Stripe 3
ISIN16756,Stripe 3
ISIN16757,Stripe 1
ISIN16758,Stripe 1
ISIN16759,Stripe 0
ISIN16760,Stripe 0
ISIN16761,Stripe 0
ISIN16762,Stripe 0
ISIN16763,Stripe 0
ISIN16764,Stripe 3
ISIN16765,Stripe 3
ISIN16766,Stripe 3
ISIN16768,Stripe 0
ISIN16769,Stripe 0
ISIN16770,Stripe 2
ISIN16771,Stripe 2
ISIN16772,Stripe 6
ISIN16773,Stripe 6
ISIN16774,Stripe 6
ISIN16775,Stripe 5
ISIN16776,Stripe 5
ISIN16777,Stripe 2
ISIN16778,Stripe 1
ISIN16779,Stripe 1
ISIN16780,Stripe 8
ISIN16781,Stripe 4
ISIN16782,Stripe 4
ISIN16783,Stripe 0
ISIN16784,Stripe 0
ISIN16785,Stripe 0
ISIN16786,Stripe 0
ISIN16787,Stripe 0
ISIN16788,Stripe 0
ISIN16789,Stripe 2
ISIN16790,Stripe 2
ISIN16791,Stripe 2
ISIN16792,Stripe 2
ISIN16793,Stripe 2
ISIN16794,Stripe 2
ISIN16795,Stripe 2
ISIN16796,Stripe 2
ISIN16797,Stripe 2
ISIN16798,Stripe 2
ISIN16799,Stripe 2
ISIN16800,Stripe 2
ISIN16801,Stripe 5
ISIN16802,Stripe 6
ISIN16803,Stripe 6
ISIN16804,Stripe 4
ISIN16805,Stripe 4
ISIN16806,Stripe 0
ISIN16807,Stripe 0
ISIN16808,Stripe 0
ISIN16809,Stripe 4
ISIN16810,Stripe 4
ISIN16811,Stripe 4
ISIN16812,Stripe 2
ISIN16813,Stripe 2
ISIN16814,Stripe 6
ISIN16815,Stripe 5
ISIN16816,Stripe 5
ISIN16817,Stripe 2
ISIN16818,Stripe 2
ISIN16819,Stripe 2
ISIN16820,Stripe 0
ISIN16821,Stripe 2
ISIN16823,Stripe 2
ISIN16824,Stripe 6
ISIN16825,Stripe 6
ISIN16826,Stripe 6
ISIN16827,Stripe 6
ISIN16828,Stripe 6
ISIN16829,Stripe 6
ISIN16830,Stripe 6
ISIN16831,Stripe 6
ISIN16832,Stripe 6
ISIN16833,Stripe 6
ISIN16834,Stripe 6
ISIN16835,Stripe 6
ISIN16836,Stripe 4
ISIN16837,Stripe 2
ISIN16838,Stripe 2
ISIN16839,Stripe 2
ISIN16840,Stripe 2
ISIN16842,Stripe 4
ISIN16843,Stripe 4
ISIN16844,Stripe 4
ISIN16845,Stripe 4
ISIN16846,Stripe 4
ISIN16847,Stripe 4
ISIN16848,Stripe 4
ISIN16849,Stripe 5
ISIN16850,Stripe 5
ISIN16851,Stripe 5
ISIN16854,Stripe 2
ISIN16855,Stripe 4
ISIN16856,Stripe 4
ISIN16857,Stripe 4
ISIN16858,Stripe 4
ISIN16859,Stripe 4
ISIN16860,Stripe 4
ISIN16861,Stripe 4
ISIN16862,Stripe 4
ISIN16863,Stripe 0
ISIN16864,Stripe 0
ISIN16865,Stripe 0
ISIN16866,Stripe 0
ISIN16867,Stripe 0
ISIN16868,Stripe 0
ISIN16869,Stripe 0
ISIN16870,Stripe 0
ISIN16871,Stripe 0
ISIN16872,Stripe 0
ISIN16873,Stripe 0
ISIN16874,Stripe 4
ISIN16875,Stripe 4
ISIN16876,Stripe 4
ISIN16877,Stripe 4
ISIN16878,Stripe 4
ISIN16879,Stripe 4
ISIN16880,Stripe 4
ISIN16881,Stripe 4
ISIN16882,Stripe 2
ISIN16883,Stripe 2
ISIN16884,Stripe 2
ISIN16885,Stripe 2
ISIN16886,Stripe 2
ISIN16887,Stripe 2
ISIN16888,Stripe 2
ISIN16889,Stripe 2
ISIN16890,Stripe 2
ISIN16891,Stripe 2
ISIN16892,Stripe 2
ISIN16893,Stripe 2
ISIN16894,Stripe 2
ISIN16896,Stripe 4
ISIN16897,Stripe 4
ISIN16898,Stripe 1
ISIN16899,Stripe 5
ISIN16900,Stripe 5
ISIN16901,Stripe 5
ISIN16902,Stripe 2
ISIN16903,Stripe 2
ISIN16904,Stripe 2
ISIN16905,Stripe 2
ISIN16906,Stripe 2
ISIN16907,Stripe 2
ISIN16908,Stripe 2
ISIN16909,Stripe 2
ISIN16910,Stripe 2
ISIN16911,Stripe 2
ISIN16912,Stripe 2
ISIN16913,Stripe 2
ISIN16914,Stripe 2
ISIN16915,Stripe 2
ISIN16916,Stripe 2
ISIN16917,Stripe 4
ISIN16918,Stripe 6
ISIN16920,Stripe 6
ISIN16921,Stripe 6
ISIN16922,Stripe 6
ISIN16923,Stripe 6
ISIN16924,Stripe 6
ISIN16925,Stripe 6
ISIN16926,Stripe 6
ISIN16927,Stripe 2
ISIN16928,Stripe 6
ISIN16929,Stripe 6
ISIN16930,Stripe 6
ISIN16931,Stripe 6
ISIN16932,Stripe 6
ISIN16933,Stripe 6
ISIN16934,Stripe 6
ISIN16935,Stripe 6
ISIN16936,Stripe 8
ISIN16937,Stripe 6
ISIN16938,Stripe 6
ISIN16939,Stripe 4
ISIN16940,Stripe 1
ISIN16941,Stripe 1
ISIN16942,Stripe 1
ISIN16943,Stripe 1
ISIN16944,Stripe 1
ISIN16945,Stripe 2
ISIN16946,Stripe 2
ISIN16947,Stripe 2
ISIN16948,Stripe 0
ISIN16949,Stripe 0
ISIN16950,Stripe 2
ISIN16951,Stripe 2
ISIN16952,Stripe 2
ISIN16953,Stripe 2
ISIN16954,Stripe 2
ISIN16955,Stripe 2
ISIN16956,Stripe 2
ISIN16957,Stripe 2
ISIN16958,Stripe 2
ISIN16959,Stripe 2
ISIN16960,Stripe 2
ISIN16961,Stripe 2
ISIN16962,Stripe 2
ISIN16963,Stripe 2
ISIN16967,Stripe 2
ISIN16968,Stripe 2
ISIN16969,Stripe 2
ISIN16970,Stripe 2
ISIN16971,Stripe 2
ISIN16972,Stripe 4
ISIN16973,Stripe 4
ISIN16974,Stripe 4
ISIN16975,Stripe 4
ISIN16976,Stripe 4
ISIN16977,Stripe 2
ISIN16978,Stripe 2
ISIN16980,Stripe 2
ISIN16981,Stripe 2
ISIN16982,Stripe 0
ISIN16983,Stripe 2
ISIN16984,Stripe 2
ISIN16985,Stripe 2
ISIN16986,Stripe 2
ISIN16987,Stripe 2
ISIN16988,Stripe 2
ISIN16989,Stripe 4
ISIN16990,Stripe 4
ISIN16991,Stripe 4
ISIN16992,Stripe 4
ISIN16993,Stripe 4
ISIN16994,Stripe 4
ISIN16995,Stripe 4
ISIN16996,Stripe 4
ISIN16997,Stripe 4
ISIN16998,Stripe 4
ISIN16999,Stripe 4
ISIN17001,Stripe 4
ISIN17005,Stripe 1
ISIN17006,Stripe 5
ISIN17007,Stripe 5
ISIN17008,Stripe 5
ISIN17009,Stripe 5
ISIN17010,Stripe 5
ISIN17011,Stripe 5
ISIN17012,Stripe 4
ISIN17013,Stripe 4
ISIN17014,Stripe 4
ISIN17015,Stripe 4
ISIN17017,Stripe 6
ISIN17018,Stripe 6
ISIN17019,Stripe 6
ISIN17020,Stripe 6
ISIN17021,Stripe 6
ISIN17022,Stripe 6
ISIN17023,Stripe 0
ISIN17025,Stripe 5
ISIN17027,Stripe 2
ISIN17028,Stripe 2
ISIN17029,Stripe 2
ISIN17030,Stripe 2
ISIN17031,Stripe 2
ISIN17032,Stripe 2
ISIN17033,Stripe 2
ISIN17035,Stripe 2
ISIN17036,Stripe 2
ISIN17037,Stripe 2
ISIN17038,Stripe 2
ISIN17039,Stripe 2
ISIN17040,Stripe 2
ISIN17041,Stripe 2
ISIN17042,Stripe 2
ISIN17043,Stripe 2
ISIN17044,Stripe 2
ISIN17045,Stripe 2
ISIN17046,Stripe 2
ISIN17047,Stripe 2
ISIN17048,Stripe 2
ISIN17049,Stripe 6
ISIN17050,Stripe 6
ISIN17051,Stripe 6
ISIN17052,Stripe 6
ISIN17053,Stripe 6
ISIN17054,Stripe 6
ISIN17055,Stripe 6
ISIN17056,Stripe 6
ISIN17057,Stripe 6
ISIN17058,Stripe 6
ISIN17059,Stripe 6
ISIN17061,Stripe 2
ISIN17062,Stripe 2
ISIN17063,Stripe 2
ISIN17064,Stripe 2
ISIN17065,Stripe 2
ISIN17066,Stripe 2
ISIN17067,Stripe 2
ISIN17068,Stripe 2
ISIN17069,Stripe 2
ISIN17070,Stripe 2
ISIN17071,Stripe 2
ISIN17072,Stripe 6
ISIN17073,Stripe 6
ISIN17074,Stripe 6
ISIN17075,Stripe 6
ISIN17076,Stripe 6
ISIN17077,Stripe 6
ISIN17078,Stripe 6
ISIN17079,Stripe 6
ISIN17080,Stripe 6
ISIN17081,Stripe 6
ISIN17082,Stripe 6
ISIN17083,Stripe 6
ISIN17084,Stripe 6
ISIN17085,Stripe 6
ISIN17086,Stripe 6
ISIN17087,Stripe 6
ISIN17088,Stripe 6
ISIN17089,Stripe 6
ISIN17090,Stripe 6
ISIN17091,Stripe 6
ISIN17092,Stripe 6
ISIN17093,Stripe 6
ISIN17094,Stripe 6
ISIN17095,Stripe 6
ISIN17096,Stripe 6
ISIN17097,Stripe 6
ISIN17098,Stripe 6
ISIN17099,Stripe 6
ISIN17100,Stripe 6
ISIN17101,Stripe 6
ISIN17102,Stripe 6
ISIN17103,Stripe 6
ISIN17104,Stripe 6
ISIN17105,Stripe 6
ISIN17106,Stripe 6
ISIN17107,Stripe 6
ISIN17108,Stripe 6
ISIN17109,Stripe 6
ISIN17110,Stripe 6
ISIN17111,Stripe 6
ISIN17112,Stripe 6
ISIN17113,Stripe 6
ISIN17114,Stripe 2
ISIN17115,Stripe 2
ISIN17116,Stripe 5
ISIN17117,Stripe 4
ISIN17118,Stripe 4
ISIN17119,Stripe 4
ISIN17120,Stripe 4
ISIN17121,Stripe 4
ISIN17122,Stripe 4
ISIN17123,Stripe 5
ISIN17124,Stripe 5
ISIN17125,Stripe 5
ISIN17126,Stripe 2
ISIN17127,Stripe 2
ISIN17128,Stripe 2
ISIN17129,Stripe 2
ISIN17130,Stripe 5
ISIN17131,Stripe 5
ISIN17132,Stripe 5
ISIN17133,Stripe 2
ISIN17138,Stripe 0
ISIN17139,Stripe 0
ISIN17140,Stripe 0
ISIN17141,Stripe 0
ISIN17142,Stripe 0
ISIN17143,Stripe 0
ISIN17144,Stripe 0
ISIN17146,Stripe 0
ISIN17151,Stripe 0
ISIN17167,Stripe 4
ISIN17168,Stripe 4
ISIN17169,Stripe 4
ISIN17170,Stripe 4
ISIN17171,Stripe 4
ISIN17172,Stripe 4
ISIN17173,Stripe 4
ISIN17174,Stripe 4
ISIN17175,Stripe 4
ISIN17176,Stripe 4
ISIN17177,Stripe 4
ISIN17178,Stripe 4
ISIN17179,Stripe 4
ISIN17180,Stripe 4
ISIN17181,Stripe 4
ISIN17182,Stripe 4
ISIN17183,Stripe 4
ISIN17184,Stripe 4
ISIN17185,Stripe 2
ISIN17186,Stripe 2
ISIN17187,Stripe 8
ISIN17188,Stripe 2
ISIN17189,Stripe 2
ISIN17190,Stripe 2
ISIN17191,Stripe 1
ISIN17192,Stripe 1
ISIN17193,Stripe 1
ISIN17194,Stripe 1
ISIN17195,Stripe 1
ISIN17196,Stripe 1
ISIN17197,Stripe 1
ISIN17198,Stripe 1
ISIN17199,Stripe 1
ISIN17200,Stripe 1
ISIN17201,Stripe 1
ISIN17202,Stripe 1
ISIN17203,Stripe 1
ISIN17204,Stripe 1
ISIN17205,Stripe 1
ISIN17206,Stripe 1
ISIN17207,Stripe 1
ISIN17208,Stripe 1
ISIN17209,Stripe 1
ISIN17210,Stripe 2
ISIN17211,Stripe 1
ISIN17212,Stripe 1
ISIN17213,Stripe 1
ISIN17214,Stripe 1
ISIN17215,Stripe 1
ISIN17216,Stripe 1
ISIN17218,Stripe 1
ISIN17219,Stripe 1
ISIN17220,Stripe 1
ISIN17221,Stripe 1
ISIN17223,Stripe 1
ISIN17225,Stripe 1
ISIN17226,Stripe 1
ISIN17227,Stripe 4
ISIN17228,Stripe 8
ISIN17230,Stripe 5
ISIN17231,Stripe 0
ISIN17232,Stripe 0
ISIN17233,Stripe 0
ISIN17234,Stripe 0
ISIN17235,Stripe 3
ISIN17236,Stripe 4
ISIN17237,Stripe 4
ISIN17238,Stripe 4
ISIN17239,Stripe 4
ISIN17240,Stripe 4
ISIN17241,Stripe 4
ISIN17242,Stripe 4
ISIN17243,Stripe 4
ISIN17244,Stripe 4
ISIN17245,Stripe 4
ISIN17246,Stripe 4
ISIN17247,Stripe 4
ISIN17248,Stripe 4
ISIN17249,Stripe 4
ISIN17250,Stripe 4
ISIN17251,Stripe 4
ISIN17252,Stripe 4
ISIN17253,Stripe 4
ISIN17254,Stripe 4
ISIN17255,Stripe 4
ISIN17256,Stripe 4
ISIN17257,Stripe 4
ISIN17258,Stripe 2
ISIN17259,Stripe 2
ISIN17260,Stripe 2
ISIN17261,Stripe 2
ISIN17262,Stripe 2
ISIN17263,Stripe 2
ISIN17264,Stripe 4
ISIN17265,Stripe 4
ISIN17266,Stripe 4
ISIN17267,Stripe 4
ISIN17268,Stripe 4
ISIN17269,Stripe 4
ISIN17270,Stripe 4
ISIN17271,Stripe 4
ISIN17272,Stripe 4
ISIN17273,Stripe 4
ISIN17274,Stripe 4
ISIN17275,Stripe 4
ISIN17276,Stripe 4
ISIN17277,Stripe 5
ISIN17278,Stripe 2
ISIN17279,Stripe 2
ISIN17280,Stripe 5
ISIN17281,Stripe 5
ISIN17282,Stripe 5
ISIN17283,Stripe 5
ISIN17284,Stripe 5
ISIN17285,Stripe 5
ISIN17286,Stripe 5
ISIN17287,Stripe 5
ISIN17288,Stripe 5
ISIN17289,Stripe 5
ISIN17290,Stripe 5
ISIN17291,Stripe 2
ISIN17292,Stripe 0
ISIN17295,Stripe 4
ISIN17296,Stripe 8
ISIN17297,Stripe 8
ISIN17298,Stripe 2
ISIN17299,Stripe 4
ISIN17300,Stripe 5
ISIN17301,Stripe 5
ISIN17302,Stripe 2
ISIN17303,Stripe 2
ISIN17304,Stripe 2
ISIN17306,Stripe 2
ISIN17307,Stripe 2
ISIN17308,Stripe 4
ISIN17309,Stripe 2
ISIN17310,Stripe 2
ISIN17311,Stripe 2
ISIN17312,Stripe 2
ISIN17313,Stripe 2
ISIN17314,Stripe 2
ISIN17315,Stripe 2
ISIN17316,Stripe 2
ISIN17317,Stripe 5
ISIN17318,Stripe 5
ISIN17319,Stripe 5
ISIN17321,Stripe 4
ISIN17322,Stripe 4
ISIN17323,Stripe 2
ISIN17324,Stripe 2
ISIN17325,Stripe 6
ISIN17326,Stripe 6
ISIN17327,Stripe 6
ISIN17328,Stripe 6
ISIN17329,Stripe 6
ISIN17330,Stripe 6
ISIN17331,Stripe 6
ISIN17332,Stripe 6
ISIN17333,Stripe 6
ISIN17334,Stripe 6
ISIN17335,Stripe 6
ISIN17339,Stripe 6
ISIN17340,Stripe 6
ISIN17342,Stripe 6
ISIN17344,Stripe 6
ISIN17346,Stripe 6
ISIN17347,Stripe 6
ISIN17348,Stripe 6
ISIN17349,Stripe 6
ISIN17350,Stripe 6
ISIN17351,Stripe 6
ISIN17352,Stripe 6
ISIN17353,Stripe 6
ISIN17354,Stripe 6
ISIN17355,Stripe 6
ISIN17356,Stripe 6
ISIN17357,Stripe 6
ISIN17359,Stripe 6
ISIN17360,Stripe 2
ISIN17361,Stripe 2
ISIN17362,Stripe 2
ISIN17363,Stripe 2
ISIN17364,Stripe 2
ISIN17365,Stripe 2
ISIN17366,Stripe 2
ISIN17367,Stripe 2
ISIN17368,Stripe 2
ISIN17369,Stripe 2
ISIN17370,Stripe 2
ISIN17371,Stripe 2
ISIN17375,Stripe 2
ISIN17376,Stripe 2
ISIN17377,Stripe 2
ISIN17378,Stripe 2
ISIN17379,Stripe 2
ISIN17380,Stripe 2
ISIN17381,Stripe 2
ISIN17382,Stripe 3
ISIN17383,Stripe 3
ISIN17385,Stripe 3
ISIN17386,Stripe 3
ISIN17387,Stripe 3
ISIN17388,Stripe 3
ISIN17389,Stripe 3
ISIN17390,Stripe 3
ISIN17391,Stripe 3
ISIN17392,Stripe 3
ISIN17393,Stripe 3
ISIN17394,Stripe 3
ISIN17395,Stripe 3
ISIN17396,Stripe 3
ISIN17398,Stripe 0
ISIN17399,Stripe 0
ISIN17400,Stripe 0
ISIN17403,Stripe 2
ISIN17588,Stripe 0
ISIN17721,Stripe 4
ISIN17722,Stripe 4
ISIN17723,Stripe 4
ISIN17724,Stripe 2
ISIN17725,Stripe 2
ISIN17726,Stripe 5
ISIN17727,Stripe 5
ISIN17728,Stripe 6
ISIN17729,Stripe 6
ISIN17731,Stripe 6
ISIN17732,Stripe 2
ISIN17733,Stripe 2
ISIN17734,Stripe 1
ISIN17735,Stripe 1
ISIN17736,Stripe 2
ISIN17737,Stripe 2
ISIN17738,Stripe 2
ISIN17739,Stripe 2
ISIN17740,Stripe 2
ISIN17743,Stripe 1
ISIN17744,Stripe 1
ISIN17745,Stripe 1
ISIN17747,Stripe 1
ISIN17748,Stripe 1
ISIN17749,Stripe 2
ISIN17750,Stripe 2
ISIN17751,Stripe 2
ISIN17752,Stripe 2
ISIN17753,Stripe 2
ISIN17754,Stripe 2
ISIN17755,Stripe 1
ISIN17757,Stripe 2
ISIN17758,Stripe 2
ISIN17759,Stripe 2
ISIN17760,Stripe 2
ISIN17761,Stripe 2
ISIN17762,Stripe 2
ISIN17763,Stripe 2
ISIN17764,Stripe 2
ISIN17765,Stripe 2
ISIN17766,Stripe 4
ISIN17771,Stripe 4
ISIN17772,Stripe 4
ISIN17773,Stripe 4
ISIN17774,Stripe 1
ISIN17775,Stripe 1
ISIN17776,Stripe 2
ISIN17778,Stripe 2
ISIN17779,Stripe 2
ISIN17780,Stripe 2
ISIN17781,Stripe 2
ISIN17782,Stripe 2
ISIN17783,Stripe 2
ISIN17784,Stripe 2
ISIN17785,Stripe 1
ISIN17786,Stripe 1
ISIN17787,Stripe 1
ISIN17791,Stripe 4
ISIN17792,Stripe 4
ISIN17793,Stripe 4
ISIN17794,Stripe 4
ISIN17795,Stripe 5
ISIN17796,Stripe 5
ISIN17797,Stripe 5
ISIN17798,Stripe 5
ISIN17799,Stripe 5
ISIN17800,Stripe 5
ISIN17801,Stripe 5
ISIN17802,Stripe 5
ISIN17803,Stripe 5
ISIN17805,Stripe 2
ISIN17806,Stripe 2
ISIN17807,Stripe 2
ISIN17808,Stripe 2
ISIN17809,Stripe 2
ISIN17810,Stripe 2
ISIN17811,Stripe 2
ISIN17812,Stripe 2
ISIN17813,Stripe 2
ISIN17814,Stripe 2
ISIN17815,Stripe 2
ISIN17816,Stripe 2
ISIN17817,Stripe 2
ISIN17818,Stripe 2
ISIN17819,Stripe 2
ISIN17820,Stripe 2
ISIN17821,Stripe 2
ISIN17822,Stripe 2
ISIN17823,Stripe 2
ISIN17824,Stripe 2
ISIN17825,Stripe 2
ISIN17826,Stripe 2
ISIN17827,Stripe 2
ISIN17828,Stripe 2
ISIN17829,Stripe 2
ISIN17830,Stripe 2
ISIN17831,Stripe 2
ISIN17832,Stripe 2
ISIN17833,Stripe 2
ISIN17834,Stripe 2
ISIN17835,Stripe 2
ISIN17836,Stripe 2
ISIN17837,Stripe 2
ISIN17838,Stripe 2
ISIN17839,Stripe 2
ISIN17840,Stripe 2
ISIN17841,Stripe 2
ISIN17842,Stripe 4
ISIN17843,Stripe 4
ISIN17844,Stripe 4
ISIN17845,Stripe 4
ISIN17846,Stripe 2
ISIN17847,Stripe 2
ISIN17848,Stripe 2
ISIN17849,Stripe 6
ISIN17851,Stripe 8
ISIN17852,Stripe 4
ISIN17853,Stripe 2
ISIN17854,Stripe 2
ISIN17855,Stripe 2
ISIN17856,Stripe 2
ISIN17857,Stripe 2
ISIN17858,Stripe 2
ISIN17859,Stripe 2
ISIN17860,Stripe 2
ISIN17861,Stripe 2
ISIN17862,Stripe 2
ISIN17869,Stripe 2
ISIN17870,Stripe 2
ISIN17871,Stripe 0
ISIN17872,Stripe 2
ISIN17873,Stripe 2
ISIN17874,Stripe 2
ISIN17875,Stripe 2
ISIN17877,Stripe 2
ISIN17878,Stripe 2
ISIN17879,Stripe 2
ISIN17880,Stripe 2
ISIN17881,Stripe 2
ISIN17882,Stripe 2
ISIN17883,Stripe 2
ISIN17884,Stripe 2
ISIN17885,Stripe 4
ISIN17886,Stripe 2
ISIN17887,Stripe 2
ISIN17888,Stripe 2
ISIN17889,Stripe 2
ISIN17890,Stripe 2
ISIN17891,Stripe 2
ISIN17892,Stripe 1
ISIN17893,Stripe 1
ISIN17894,Stripe 1
ISIN17895,Stripe 1
ISIN17896,Stripe 1
ISIN17897,Stripe 1
ISIN17898,Stripe 1
ISIN17899,Stripe 1
ISIN17900,Stripe 1
ISIN17901,Stripe 6
ISIN17902,Stripe 2
ISIN17903,Stripe 2
ISIN17904,Stripe 2
ISIN17905,Stripe 2
ISIN17906,Stripe 2
ISIN17907,Stripe 2
ISIN17908,Stripe 6
ISIN17909,Stripe 6
ISIN17910,Stripe 6
ISIN17911,Stripe 6
ISIN17912,Stripe 6
ISIN17913,Stripe 6
ISIN17914,Stripe 6
ISIN17915,Stripe 6
ISIN17916,Stripe 6
ISIN17917,Stripe 6
ISIN17919,Stripe 2
ISIN17920,Stripe 2
ISIN17921,Stripe 2
ISIN17922,Stripe 2
ISIN17923,Stripe 2
ISIN17924,Stripe 2
ISIN17925,Stripe 2
ISIN17926,Stripe 2
ISIN17927,Stripe 2
ISIN17928,Stripe 2
ISIN17929,Stripe 2
ISIN17930,Stripe 2
ISIN17931,Stripe 2
ISIN17932,Stripe 2
ISIN17933,Stripe 2
ISIN17934,Stripe 2
ISIN17935,Stripe 2
ISIN17936,Stripe 6
ISIN17937,Stripe 6
ISIN17938,Stripe 6
ISIN17939,Stripe 6
ISIN17940,Stripe 6
ISIN17941,Stripe 2
ISIN17942,Stripe 2
ISIN17943,Stripe 2
ISIN17944,Stripe 2
ISIN17945,Stripe 2
ISIN17946,Stripe 2
ISIN17947,Stripe 2
ISIN17948,Stripe 2
ISIN17949,Stripe 2
ISIN17950,Stripe 2
ISIN17951,Stripe 2
ISIN17952,Stripe 2
ISIN17953,Stripe 2
ISIN17954,Stripe 2
ISIN17955,Stripe 2
ISIN17956,Stripe 2
ISIN17957,Stripe 2
ISIN17958,Stripe 2
ISIN17959,Stripe 2
ISIN17960,Stripe 2
ISIN17961,Stripe 2
ISIN17962,Stripe 2
ISIN17963,Stripe 2
ISIN17964,Stripe 2
ISIN17965,Stripe 2
ISIN17966,Stripe 2
ISIN17967,Stripe 2
ISIN17968,Stripe 2
ISIN17969,Stripe 2
ISIN17970,Stripe 2
ISIN17971,Stripe 2
ISIN17972,Stripe 0
ISIN17974,Stripe 8
ISIN17975,Stripe 8
ISIN17976,Stripe 4
ISIN17977,Stripe 8
ISIN17978,Stripe 2
ISIN17979,Stripe 2
ISIN17980,Stripe 2
ISIN17981,Stripe 2
ISIN17983,Stripe 2
ISIN17984,Stripe 2
ISIN17985,Stripe 2
ISIN17986,Stripe 2
ISIN17989,Stripe 2
ISIN17990,Stripe 2
ISIN17991,Stripe 2
ISIN17992,Stripe 2
ISIN17993,Stripe 2
ISIN17994,Stripe 8
ISIN17995,Stripe 8
ISIN17996,Stripe 8
ISIN17997,Stripe 8
ISIN17998,Stripe 5
ISIN17999,Stripe 5
ISIN18000,Stripe 5
ISIN18001,Stripe 5
ISIN18002,Stripe 4
ISIN18003,Stripe 5
ISIN18004,Stripe 2
ISIN18005,Stripe 2
ISIN18006,Stripe 0
ISIN18007,Stripe 2
ISIN18008,Stripe 2
ISIN18009,Stripe 2
ISIN18010,Stripe 2
ISIN18011,Stripe 2
ISIN18013,Stripe 2
ISIN18014,Stripe 2
ISIN18015,Stripe 2
ISIN18016,Stripe 4
ISIN18017,Stripe 2
ISIN18018,Stripe 2
ISIN18019,Stripe 2
ISIN18020,Stripe 2
ISIN18021,Stripe 2
ISIN18022,Stripe 4
ISIN18023,Stripe 4
ISIN18024,Stripe 4
ISIN18025,Stripe 4
ISIN18026,Stripe 4
ISIN18027,Stripe 4
ISIN18028,Stripe 4
ISIN18029,Stripe 4
ISIN18030,Stripe 4
ISIN18031,Stripe 1
ISIN18032,Stripe 1
ISIN18033,Stripe 2
ISIN18034,Stripe 2
ISIN18035,Stripe 2
ISIN18036,Stripe 4
ISIN18037,Stripe 4
ISIN18038,Stripe 4
ISIN18039,Stripe 4
ISIN18040,Stripe 4
ISIN18041,Stripe 4
ISIN18042,Stripe 2
ISIN18043,Stripe 2
ISIN18044,Stripe 2
ISIN18046,Stripe 0
ISIN18047,Stripe 2
ISIN18049,Stripe 4
ISIN18050,Stripe 0
ISIN18051,Stripe 0
ISIN18052,Stripe 0
ISIN18053,Stripe 0
ISIN18054,Stripe 0
ISIN18055,Stripe 0
ISIN18056,Stripe 0
ISIN18057,Stripe 0
ISIN18058,Stripe 0
ISIN18059,Stripe 0
ISIN18060,Stripe 0
ISIN18061,Stripe 0
ISIN18062,Stripe 6
ISIN18063,Stripe 6
ISIN18064,Stripe 6
ISIN18065,Stripe 6
ISIN18066,Stripe 6
ISIN18067,Stripe 6
ISIN18068,Stripe 6
ISIN18069,Stripe 6
ISIN18070,Stripe 6
ISIN18071,Stripe 6
ISIN18072,Stripe 6
ISIN18073,Stripe 6
ISIN18074,Stripe 6
ISIN18075,Stripe 6
ISIN18076,Stripe 6
ISIN18077,Stripe 6
ISIN18078,Stripe 6
ISIN18079,Stripe 6
ISIN18080,Stripe 6
ISIN18081,Stripe 6
ISIN18082,Stripe 6
ISIN18083,Stripe 6
ISIN18084,Stripe 6
ISIN18085,Stripe 6
ISIN18086,Stripe 6
ISIN18087,Stripe 6
ISIN18088,Stripe 6
ISIN18089,Stripe 6
ISIN18090,Stripe 6
ISIN18091,Stripe 6
ISIN18092,Stripe 6
ISIN18093,Stripe 6
ISIN18094,Stripe 6
ISIN18095,Stripe 6
ISIN18096,Stripe 6
ISIN18097,Stripe 6
ISIN18098,Stripe 6
ISIN18099,Stripe 6
ISIN18100,Stripe 6
ISIN18101,Stripe 6
ISIN18102,Stripe 6
ISIN18103,Stripe 6
ISIN18104,Stripe 6
ISIN18105,Stripe 6
ISIN18106,Stripe 6
ISIN18107,Stripe 6
ISIN18108,Stripe 6
ISIN18109,Stripe 6
ISIN18110,Stripe 2
ISIN18111,Stripe 2
ISIN18112,Stripe 2
ISIN18113,Stripe 2
ISIN18114,Stripe 2
ISIN18117,Stripe 6
ISIN18118,Stripe 6
ISIN18119,Stripe 6
ISIN18120,Stripe 6
ISIN18121,Stripe 6
ISIN18122,Stripe 2
ISIN18123,Stripe 8
ISIN18124,Stripe 6
ISIN18125,Stripe 6
ISIN18126,Stripe 6
ISIN18127,Stripe 6
ISIN18128,Stripe 6
ISIN18129,Stripe 6
ISIN18130,Stripe 6
ISIN18131,Stripe 6
ISIN18132,Stripe 6
ISIN18133,Stripe 6
ISIN18134,Stripe 6
ISIN18135,Stripe 6
ISIN18136,Stripe 6
ISIN18137,Stripe 6
ISIN18138,Stripe 6
ISIN18139,Stripe 6
ISIN18140,Stripe 6
ISIN18141,Stripe 6
ISIN18144,Stripe 6
ISIN18145,Stripe 6
ISIN18146,Stripe 6
ISIN18151,Stripe 2
ISIN18152,Stripe 8
ISIN18153,Stripe 8
ISIN18154,Stripe 8
ISIN18155,Stripe 8
ISIN18156,Stripe 8
ISIN18157,Stripe 8
ISIN18158,Stripe 8
ISIN18159,Stripe 8
ISIN18160,Stripe 5
ISIN18161,Stripe 5
ISIN18162,Stripe 5
ISIN18163,Stripe 5
ISIN18164,Stripe 5
ISIN18165,Stripe 5
ISIN18166,Stripe 5
ISIN18167,Stripe 5
ISIN18168,Stripe 5
ISIN18169,Stripe 5
ISIN18170,Stripe 5
ISIN18171,Stripe 5
ISIN18172,Stripe 5
ISIN18173,Stripe 5
ISIN18174,Stripe 5
ISIN18175,Stripe 5
ISIN18176,Stripe 5
ISIN18178,Stripe 8
ISIN18179,Stripe 2
ISIN18180,Stripe 2
ISIN18181,Stripe 5
ISIN18182,Stripe 5
ISIN18183,Stripe 5
ISIN18184,Stripe 5
ISIN18185,Stripe 2
ISIN18186,Stripe 6
ISIN18187,Stripe 6
ISIN18188,Stripe 6
ISIN18189,Stripe 6
ISIN18190,Stripe 6
ISIN18191,Stripe 6
ISIN18192,Stripe 6
ISIN18193,Stripe 6
ISIN18194,Stripe 6
ISIN18195,Stripe 6
ISIN18196,Stripe 6
ISIN18197,Stripe 6
ISIN18198,Stripe 6
ISIN18199,Stripe 1
ISIN18200,Stripe 1
ISIN18201,Stripe 1
ISIN18202,Stripe 1
ISIN18203,Stripe 1
ISIN18204,Stripe 1
ISIN18205,Stripe 1
ISIN18206,Stripe 1
ISIN18207,Stripe 1
ISIN18208,Stripe 1
ISIN18209,Stripe 0
ISIN18210,Stripe 0
ISIN18211,Stripe 0
ISIN18212,Stripe 0
ISIN18213,Stripe 5
ISIN18214,Stripe 2
ISIN18215,Stripe 2
ISIN18216,Stripe 2
ISIN18217,Stripe 2
ISIN18218,Stripe 2
ISIN18219,Stripe 2
ISIN18220,Stripe 4
ISIN18221,Stripe 2
ISIN18222,Stripe 2
ISIN18223,Stripe 0
ISIN18224,Stripe 0
ISIN18225,Stripe 2
ISIN18226,Stripe 2
ISIN18227,Stripe 2
ISIN18228,Stripe 6
ISIN18229,Stripe 6
ISIN18230,Stripe 6
ISIN18231,Stripe 6
ISIN18232,Stripe 6
ISIN18233,Stripe 0
ISIN18234,Stripe 0
ISIN18235,Stripe 1
ISIN18236,Stripe 1
ISIN18237,Stripe 1
ISIN18239,Stripe 1
ISIN18240,Stripe 1
ISIN18241,Stripe 1
ISIN18242,Stripe 1
ISIN18243,Stripe 2
ISIN18244,Stripe 2
ISIN18245,Stripe 2
ISIN18246,Stripe 2
ISIN18247,Stripe 2
ISIN18248,Stripe 2
ISIN18249,Stripe 2
ISIN18250,Stripe 2
ISIN18251,Stripe 2
ISIN18252,Stripe 2
ISIN18253,Stripe 2
ISIN18254,Stripe 2
ISIN18255,Stripe 2
ISIN18256,Stripe 2
ISIN18257,Stripe 2
ISIN18258,Stripe 2
ISIN18259,Stripe 2
ISIN18260,Stripe 2
ISIN18261,Stripe 2
ISIN18262,Stripe 2
ISIN18263,Stripe 2
ISIN18264,Stripe 2
ISIN18265,Stripe 2
ISIN18266,Stripe 2
ISIN18267,Stripe 2
ISIN18268,Stripe 2
ISIN18269,Stripe 2
ISIN18270,Stripe 2
ISIN18271,Stripe 2
ISIN18272,Stripe 2
ISIN18273,Stripe 2
ISIN18274,Stripe 2
ISIN18275,Stripe 2
ISIN18276,Stripe 2
ISIN18277,Stripe 2
ISIN18278,Stripe 0
ISIN18279,Stripe 4
ISIN18281,Stripe 2
ISIN18282,Stripe 5
ISIN18283,Stripe 0
ISIN18285,Stripe 2
ISIN18286,Stripe 2
ISIN18287,Stripe 2
ISIN18288,Stripe 2
ISIN18289,Stripe 2
ISIN18290,Stripe 2
ISIN18291,Stripe 2
ISIN18292,Stripe 2
ISIN18293,Stripe 2
ISIN18294,Stripe 2
ISIN18295,Stripe 2
ISIN18296,Stripe 2
ISIN18297,Stripe 2
ISIN18298,Stripe 2
ISIN18299,Stripe 2
ISIN18300,Stripe 2
ISIN18301,Stripe 2
ISIN18302,Stripe 8
ISIN18303,Stripe 8
ISIN18304,Stripe 4
ISIN18305,Stripe 4
ISIN18306,Stripe 1
ISIN18307,Stripe 2
ISIN18308,Stripe 0
ISIN18309,Stripe 0
ISIN18310,Stripe 0
ISIN18311,Stripe 0
ISIN18313,Stripe 2
ISIN18314,Stripe 2
ISIN18315,Stripe 2
ISIN18316,Stripe 2
ISIN18317,Stripe 2
ISIN18318,Stripe 2
ISIN18319,Stripe 2
ISIN18320,Stripe 2
ISIN18321,Stripe 2
ISIN18322,Stripe 2
ISIN18323,Stripe 2
ISIN18324,Stripe 2
ISIN18325,Stripe 2
ISIN18326,Stripe 2
ISIN18327,Stripe 2
ISIN18328,Stripe 2
ISIN18329,Stripe 2
ISIN18330,Stripe 2
ISIN18331,Stripe 2
ISIN18332,Stripe 2
ISIN18333,Stripe 2
ISIN18334,Stripe 2
ISIN18335,Stripe 1
ISIN18336,Stripe 1
ISIN18338,Stripe 1
ISIN18339,Stripe 1
ISIN18340,Stripe 1
ISIN18341,Stripe 1
ISIN18342,Stripe 1
ISIN18343,Stripe 1
ISIN18344,Stripe 1
ISIN18345,Stripe 1
ISIN18346,Stripe 1
ISIN18347,Stripe 1
ISIN18348,Stripe 1
ISIN18349,Stripe 1
ISIN18350,Stripe 1
ISIN18351,Stripe 1
ISIN18352,Stripe 1
ISIN18353,Stripe 1
ISIN18354,Stripe 1
ISIN18355,Stripe 1
ISIN18356,Stripe 1
ISIN18357,Stripe 1
ISIN18358,Stripe 1
ISIN18359,Stripe 1
ISIN18360,Stripe 1
ISIN18361,Stripe 1
ISIN18362,Stripe 1
ISIN18363,Stripe 1
ISIN18364,Stripe 1
ISIN18372,Stripe 1
ISIN18373,Stripe 1
ISIN18374,Stripe 1
ISIN18377,Stripe 1
ISIN18381,Stripe 1
ISIN18382,Stripe 1
ISIN18385,Stripe 1
ISIN18388,Stripe 1
ISIN18399,Stripe 1
ISIN18400,Stripe 1
ISIN18407,Stripe 1
ISIN18409,Stripe 1
ISIN18419,Stripe 1
ISIN18426,Stripe 1
ISIN18430,Stripe 1
ISIN18431,Stripe 1
ISIN18432,Stripe 1
ISIN18433,Stripe 1
ISIN18434,Stripe 1
ISIN18435,Stripe 1
ISIN18438,Stripe 1
ISIN18439,Stripe 1
ISIN18441,Stripe 1
ISIN18442,Stripe 1
ISIN18443,Stripe 1
ISIN18446,Stripe 1
ISIN18449,Stripe 1
ISIN18451,Stripe 1
ISIN18454,Stripe 1
ISIN18455,Stripe 1
ISIN18457,Stripe 1
ISIN18458,Stripe 1
ISIN18459,Stripe 1
ISIN18461,Stripe 1
ISIN18462,Stripe 1
ISIN18463,Stripe 1
ISIN18465,Stripe 1
ISIN18466,Stripe 1
ISIN18469,Stripe 1
ISIN18470,Stripe 1
ISIN18471,Stripe 1
ISIN18473,Stripe 1
ISIN18476,Stripe 1
ISIN18479,Stripe 1
ISIN18481,Stripe 1
ISIN18482,Stripe 1
ISIN18483,Stripe 1
ISIN18484,Stripe 1
ISIN18490,Stripe 1
ISIN18498,Stripe 1
ISIN18512,Stripe 1
ISIN18518,Stripe 1
ISIN18526,Stripe 0
ISIN18527,Stripe 4
ISIN18528,Stripe 2
ISIN18529,Stripe 2
ISIN18530,Stripe 2
ISIN18531,Stripe 8
ISIN18532,Stripe 4
ISIN18540,Stripe 5
ISIN18541,Stripe 0
ISIN18542,Stripe 0
ISIN18544,Stripe 0
ISIN18545,Stripe 0
ISIN18546,Stripe 0
ISIN18547,Stripe 0
ISIN18548,Stripe 5
ISIN18553,Stripe 4
ISIN18554,Stripe 4
ISIN18555,Stripe 4
ISIN18556,Stripe 4
ISIN18557,Stripe 4
ISIN18559,Stripe 5
ISIN18560,Stripe 4
ISIN18561,Stripe 4
ISIN18562,Stripe 2
ISIN18563,Stripe 2
ISIN18564,Stripe 2
ISIN18565,Stripe 2
ISIN18566,Stripe 2
ISIN18567,Stripe 2
ISIN18568,Stripe 2
ISIN18569,Stripe 6
ISIN18570,Stripe 4
ISIN18571,Stripe 2
ISIN18572,Stripe 0
ISIN18573,Stripe 3
ISIN18574,Stripe 3
ISIN18575,Stripe 3
ISIN18576,Stripe 3
ISIN18577,Stripe 3
ISIN18578,Stripe 3
ISIN18579,Stripe 3
ISIN18580,Stripe 3
ISIN18581,Stripe 3
ISIN18582,Stripe 3
ISIN18583,Stripe 3
ISIN18584,Stripe 3
ISIN18585,Stripe 3
ISIN18586,Stripe 3
ISIN18588,Stripe 3
ISIN18589,Stripe 3
ISIN18590,Stripe 3
ISIN18591,Stripe 3
ISIN18592,Stripe 3
ISIN18593,Stripe 3
ISIN18594,Stripe 3
ISIN18595,Stripe 3
ISIN18596,Stripe 3
ISIN18597,Stripe 3
ISIN18598,Stripe 3
ISIN18599,Stripe 3
ISIN18600,Stripe 3
ISIN18601,Stripe 3
ISIN18602,Stripe 3
ISIN18603,Stripe 3
ISIN18604,Stripe 3
ISIN18605,Stripe 3
ISIN18618,Stripe 2
ISIN18619,Stripe 2
ISIN18620,Stripe 2
ISIN18621,Stripe 2
ISIN18626,Stripe 2
ISIN18627,Stripe 0
ISIN18628,Stripe 0
ISIN18629,Stripe 0
ISIN18630,Stripe 0
ISIN18631,Stripe 0
ISIN18632,Stripe 0
ISIN18633,Stripe 0
ISIN18634,Stripe 0
ISIN18635,Stripe 0
ISIN18636,Stripe 4
ISIN18637,Stripe 4
ISIN18638,Stripe 4
ISIN18639,Stripe 2
ISIN18640,Stripe 2
ISIN18641,Stripe 2
ISIN18642,Stripe 2
ISIN18643,Stripe 2
ISIN18644,Stripe 2
ISIN18645,Stripe 2
ISIN18646,Stripe 2
ISIN18647,Stripe 2
ISIN18648,Stripe 2
ISIN18649,Stripe 4
ISIN18650,Stripe 4
ISIN18651,Stripe 4
ISIN18652,Stripe 4
ISIN18653,Stripe 4
ISIN18654,Stripe 2
ISIN18655,Stripe 1
ISIN18656,Stripe 8
ISIN18657,Stripe 8
ISIN18658,Stripe 4
ISIN18659,Stripe 4
ISIN18660,Stripe 4
ISIN18661,Stripe 4
ISIN18662,Stripe 4
ISIN18663,Stripe 4
ISIN18664,Stripe 4
ISIN18665,Stripe 2
ISIN18666,Stripe 2
ISIN18667,Stripe 2
ISIN18668,Stripe 4
ISIN18669,Stripe 4
ISIN18670,Stripe 4
ISIN18671,Stripe 4
ISIN18672,Stripe 4
ISIN18673,Stripe 4
ISIN18674,Stripe 4
ISIN18675,Stripe 4
ISIN18676,Stripe 4
ISIN18677,Stripe 4
ISIN18678,Stripe 4
ISIN18679,Stripe 4
ISIN18680,Stripe 4
ISIN18681,Stripe 4
ISIN18682,Stripe 4
ISIN18683,Stripe 4
ISIN18684,Stripe 4
ISIN18685,Stripe 4
ISIN18686,Stripe 4
ISIN18687,Stripe 4
ISIN18688,Stripe 4
ISIN18689,Stripe 4
ISIN18690,Stripe 4
ISIN18691,Stripe 4
ISIN18692,Stripe 5
ISIN18693,Stripe 5
ISIN18694,Stripe 5
ISIN18696,Stripe 8
ISIN18697,Stripe 6
ISIN18699,Stripe 8
ISIN18700,Stripe 8
ISIN18701,Stripe 8
ISIN18702,Stripe 8
ISIN18703,Stripe 8
ISIN18704,Stripe 8
ISIN18706,Stripe 2
ISIN18707,Stripe 0
ISIN18708,Stripe 0
ISIN18709,Stripe 0
ISIN18710,Stripe 0
ISIN18711,Stripe 0
ISIN18712,Stripe 0
ISIN18713,Stripe 0
ISIN18714,Stripe 0
ISIN18715,Stripe 0
ISIN18716,Stripe 0
ISIN18717,Stripe 0
ISIN18718,Stripe 0
ISIN18719,Stripe 0
ISIN18720,Stripe 0
ISIN18721,Stripe 0
ISIN18723,Stripe 0
ISIN18724,Stripe 0
ISIN18725,Stripe 0
ISIN18726,Stripe 0
ISIN18727,Stripe 2
ISIN18728,Stripe 2
ISIN18729,Stripe 2
ISIN18730,Stripe 2
ISIN18735,Stripe 4
ISIN18736,Stripe 4
ISIN18737,Stripe 4
ISIN18738,Stripe 4
ISIN18739,Stripe 2
ISIN18740,Stripe 2
ISIN18741,Stripe 2
ISIN18749,Stripe 2
ISIN18750,Stripe 2
ISIN18751,Stripe 4
ISIN18752,Stripe 4
ISIN18753,Stripe 4
ISIN18754,Stripe 4
ISIN18755,Stripe 4
ISIN18756,Stripe 2
ISIN18757,Stripe 2
ISIN18758,Stripe 2
ISIN18759,Stripe 2
ISIN18760,Stripe 2
ISIN18761,Stripe 2
ISIN18762,Stripe 2
ISIN18763,Stripe 2
ISIN18764,Stripe 2
ISIN18765,Stripe 2
ISIN18766,Stripe 2
ISIN18767,Stripe 2
ISIN18768,Stripe 2
ISIN18769,Stripe 2
ISIN18770,Stripe 5
ISIN18772,Stripe 5
ISIN18773,Stripe 5
ISIN18774,Stripe 2
ISIN18775,Stripe 2
ISIN18776,Stripe 4
ISIN18777,Stripe 4
ISIN18778,Stripe 4
ISIN18779,Stripe 4
ISIN18780,Stripe 4
ISIN18781,Stripe 4
ISIN18782,Stripe 6
ISIN18783,Stripe 6
ISIN18784,Stripe 6
ISIN18785,Stripe 6
ISIN18786,Stripe 6
ISIN18787,Stripe 6
ISIN18788,Stripe 6
ISIN18789,Stripe 6
ISIN18790,Stripe 6
ISIN18791,Stripe 6
ISIN18792,Stripe 6
ISIN18793,Stripe 6
ISIN18794,Stripe 6
ISIN18795,Stripe 6
ISIN18796,Stripe 5
ISIN18797,Stripe 2
ISIN18798,Stripe 2
ISIN18799,Stripe 2
ISIN18800,Stripe 2
ISIN18801,Stripe 2
ISIN18802,Stripe 2
ISIN18803,Stripe 2
ISIN18804,Stripe 2
ISIN18805,Stripe 2
ISIN18806,Stripe 5
ISIN18807,Stripe 5
ISIN18808,Stripe 5
ISIN18809,Stripe 5
ISIN18812,Stripe 2
ISIN18813,Stripe 2
ISIN18814,Stripe 2
ISIN18815,Stripe 5
ISIN18816,Stripe 4
ISIN18818,Stripe 6
ISIN18819,Stripe 2
ISIN18820,Stripe 2
ISIN18821,Stripe 2
ISIN18822,Stripe 2
ISIN18823,Stripe 2
ISIN18824,Stripe 2
ISIN18825,Stripe 2
ISIN18826,Stripe 2
ISIN18827,Stripe 5
ISIN18828,Stripe 5
ISIN18829,Stripe 2
ISIN18830,Stripe 2
ISIN18831,Stripe 2
ISIN18832,Stripe 8
ISIN18833,Stripe 8
ISIN18834,Stripe 8
ISIN18835,Stripe 2
ISIN18836,Stripe 2
ISIN18837,Stripe 8
ISIN18838,Stripe 2
ISIN18839,Stripe 2
ISIN18840,Stripe 2
ISIN18841,Stripe 2
ISIN18842,Stripe 2
ISIN18843,Stripe 2
ISIN18844,Stripe 2
ISIN18845,Stripe 2
ISIN18846,Stripe 2
ISIN18847,Stripe 2
ISIN18850,Stripe 1
ISIN18851,Stripe 1
ISIN18852,Stripe 1
ISIN18853,Stripe 1
ISIN18854,Stripe 1
ISIN18855,Stripe 1
ISIN18856,Stripe 1
ISIN18857,Stripe 1
ISIN18858,Stripe 2
ISIN18859,Stripe 2
ISIN18860,Stripe 2
ISIN18861,Stripe 2
ISIN18862,Stripe 5
ISIN18863,Stripe 2
ISIN18864,Stripe 2
ISIN18865,Stripe 2
ISIN18866,Stripe 2
ISIN18868,Stripe 2
ISIN18869,Stripe 2
ISIN18870,Stripe 2
ISIN18871,Stripe 4
ISIN18872,Stripe 2
ISIN18873,Stripe 2
ISIN18874,Stripe 2
ISIN18875,Stripe 2
ISIN18876,Stripe 2
ISIN18877,Stripe 2
ISIN18878,Stripe 2
ISIN18879,Stripe 2
ISIN18880,Stripe 2
ISIN18881,Stripe 4
ISIN18882,Stripe 4
ISIN18883,Stripe 4
ISIN18884,Stripe 4
ISIN18886,Stripe 0
ISIN18887,Stripe 0
ISIN18888,Stripe 0
ISIN18889,Stripe 0
ISIN18891,Stripe 2
ISIN18892,Stripe 2
ISIN18893,Stripe 2
ISIN18894,Stripe 2
ISIN18895,Stripe 0
ISIN18896,Stripe 2
ISIN18897,Stripe 2
ISIN18899,Stripe 2
ISIN18901,Stripe 2
ISIN18905,Stripe 2
ISIN18908,Stripe 8
ISIN18911,Stripe 2
ISIN18912,Stripe 2
ISIN18913,Stripe 4
ISIN18914,Stripe 4
ISIN18915,Stripe 4
ISIN18916,Stripe 2
ISIN18917,Stripe 2
ISIN18919,Stripe 4
ISIN18920,Stripe 4
ISIN18921,Stripe 2
ISIN18922,Stripe 4
ISIN18923,Stripe 4
ISIN18924,Stripe 8
ISIN18926,Stripe 2
ISIN18930,Stripe 4
ISIN18931,Stripe 4
ISIN18932,Stripe 4
ISIN18933,Stripe 2
ISIN18934,Stripe 2
ISIN18935,Stripe 6
ISIN18936,Stripe 2
ISIN18937,Stripe 2
ISIN18938,Stripe 2
ISIN18939,Stripe 2
ISIN18940,Stripe 2
ISIN18941,Stripe 2
ISIN18942,Stripe 2
ISIN18943,Stripe 2
ISIN18944,Stripe 2
ISIN18945,Stripe 2
ISIN18946,Stripe 2
ISIN18947,Stripe 2
ISIN18948,Stripe 2
ISIN18949,Stripe 2
ISIN18951,Stripe 8
ISIN18952,Stripe 8
ISIN18953,Stripe 8
ISIN18954,Stripe 2
ISIN18955,Stripe 2
ISIN18956,Stripe 2
ISIN18959,Stripe 1
ISIN18962,Stripe 2
ISIN18963,Stripe 4
ISIN18968,Stripe 3
ISIN18971,Stripe 0
ISIN18972,Stripe 5
ISIN18973,Stripe 5
ISIN18974,Stripe 5
ISIN18975,Stripe 5
ISIN18976,Stripe 5
ISIN18977,Stripe 5
ISIN18978,Stripe 5
ISIN18979,Stripe 5
ISIN18980,Stripe 3
ISIN18981,Stripe 3
ISIN18982,Stripe 0
ISIN18983,Stripe 0
ISIN18984,Stripe 1
ISIN18985,Stripe 2
ISIN18987,Stripe 8
ISIN18988,Stripe 8
ISIN18989,Stripe 8
ISIN18990,Stripe 2
ISIN18991,Stripe 2
ISIN18992,Stripe 2
ISIN18993,Stripe 2
ISIN18994,Stripe 2
ISIN18995,Stripe 4
ISIN18997,Stripe 1
ISIN19000,Stripe 1
ISIN19001,Stripe 2
ISIN19002,Stripe 0
ISIN19003,Stripe 7
ISIN19004,Stripe 4
ISIN19005,Stripe 4
ISIN19006,Stripe 4
ISIN19008,Stripe 2
ISIN19009,Stripe 2
ISIN19011,Stripe 2
ISIN19012,Stripe 2
ISIN19013,Stripe 2
ISIN19015,Stripe 2
ISIN19016,Stripe 8
ISIN19017,Stripe 4
ISIN19018,Stripe 2
ISIN19019,Stripe 2
ISIN19020,Stripe 2
ISIN19021,Stripe 2
ISIN19022,Stripe 2
ISIN19023,Stripe 2
ISIN19024,Stripe 2
ISIN19025,Stripe 4
ISIN19026,Stripe 6
ISIN19027,Stripe 6
ISIN19028,Stripe 6
ISIN19029,Stripe 6
ISIN19030,Stripe 2
ISIN19031,Stripe 2
ISIN19032,Stripe 2
ISIN19034,Stripe 5
ISIN19035,Stripe 5
ISIN19038,Stripe 4
ISIN19039,Stripe 4
ISIN19040,Stripe 4
ISIN19041,Stripe 4
ISIN19042,Stripe 4
ISIN19043,Stripe 2
ISIN19044,Stripe 1
ISIN19045,Stripe 1
ISIN19046,Stripe 1
ISIN19053,Stripe 2
ISIN19054,Stripe 2
ISIN19055,Stripe 4
ISIN19056,Stripe 2
ISIN19057,Stripe 2
ISIN19062,Stripe 3
ISIN19063,Stripe 3
ISIN19064,Stripe 3
ISIN19065,Stripe 6
ISIN19066,Stripe 6
ISIN19068,Stripe 6
ISIN19069,Stripe 6
ISIN19071,Stripe 6
ISIN19072,Stripe 6
ISIN19073,Stripe 6
ISIN19074,Stripe 6
ISIN19075,Stripe 5
ISIN19076,Stripe 2
ISIN19077,Stripe 2
ISIN19078,Stripe 2
ISIN19080,Stripe 2
ISIN19081,Stripe 6
ISIN19083,Stripe 2
ISIN19084,Stripe 1
ISIN19085,Stripe 1
ISIN19086,Stripe 1
ISIN19087,Stripe 1
ISIN19088,Stripe 1
ISIN19089,Stripe 4
ISIN19090,Stripe 2
ISIN19092,Stripe 2
ISIN19093,Stripe 2
ISIN19094,Stripe 2
ISIN19096,Stripe 4
ISIN19098,Stripe 1
ISIN19101,Stripe 2
ISIN19103,Stripe 4
ISIN19104,Stripe 4
ISIN19105,Stripe 4
ISIN19106,Stripe 6
ISIN19107,Stripe 6
ISIN19108,Stripe 6
ISIN19109,Stripe 2
ISIN19110,Stripe 4
ISIN19113,Stripe 5
ISIN19114,Stripe 2
ISIN19115,Stripe 2
ISIN19116,Stripe 8
ISIN19117,Stripe 8
ISIN19118,Stripe 0
ISIN19119,Stripe 4
ISIN19120,Stripe 6
ISIN19121,Stripe 6
ISIN19123,Stripe 4
ISIN19124,Stripe 4
ISIN19125,Stripe 4
ISIN19128,Stripe 2
ISIN19129,Stripe 2
ISIN19130,Stripe 4
ISIN19131,Stripe 2
ISIN19133,Stripe 2
ISIN19134,Stripe 2
ISIN19135,Stripe 2
ISIN19137,Stripe 4
ISIN19138,Stripe 4
ISIN19140,Stripe 2
ISIN19141,Stripe 6
ISIN19142,Stripe 6
ISIN19143,Stripe 6
ISIN19144,Stripe 6
ISIN19147,Stripe 8
ISIN19148,Stripe 8
ISIN19149,Stripe 8
ISIN19150,Stripe 8
ISIN19151,Stripe 2
ISIN19155,Stripe 2
ISIN19156,Stripe 0
ISIN19157,Stripe 1
ISIN19158,Stripe 1
ISIN19159,Stripe 1
ISIN19160,Stripe 1
ISIN19161,Stripe 1
ISIN19162,Stripe 1
ISIN19163,Stripe 1
ISIN19164,Stripe 1
ISIN19165,Stripe 1
ISIN19166,Stripe 1
ISIN19167,Stripe 1
ISIN19168,Stripe 5
ISIN19169,Stripe 5
ISIN19170,Stripe 6
ISIN19171,Stripe 5
ISIN19172,Stripe 5
ISIN19173,Stripe 3
ISIN19174,Stripe 0
ISIN19175,Stripe 3
ISIN19176,Stripe 3
ISIN19177,Stripe 2
ISIN19178,Stripe 2
ISIN19179,Stripe 2
ISIN19180,Stripe 2
ISIN19181,Stripe 2
ISIN19183,Stripe 2
ISIN19184,Stripe 8
ISIN19185,Stripe 8
ISIN19186,Stripe 8
ISIN19187,Stripe 8
ISIN19188,Stripe 8
ISIN19189,Stripe 8
ISIN19190,Stripe 8
ISIN19191,Stripe 8
ISIN19192,Stripe 2
ISIN19194,Stripe 2
ISIN19195,Stripe 2
ISIN19196,Stripe 2
ISIN19197,Stripe 2
ISIN19198,Stripe 2
ISIN19199,Stripe 2
ISIN19200,Stripe 2
ISIN19201,Stripe 2
ISIN19202,Stripe 2
ISIN19203,Stripe 4
ISIN19204,Stripe 4
ISIN19205,Stripe 4
ISIN19207,Stripe 2
ISIN19208,Stripe 2
ISIN19209,Stripe 6
ISIN19210,Stripe 6
ISIN19211,Stripe 4
ISIN19212,Stripe 4
ISIN19213,Stripe 4
ISIN19214,Stripe 4
ISIN19215,Stripe 6
ISIN19216,Stripe 2
ISIN19217,Stripe 6
ISIN19218,Stripe 8
ISIN19219,Stripe 6
ISIN19223,Stripe 2
ISIN19224,Stripe 2
ISIN19225,Stripe 2
ISIN19226,Stripe 6
ISIN19227,Stripe 6
ISIN19228,Stripe 2
ISIN19229,Stripe 5
ISIN19230,Stripe 5
ISIN19231,Stripe 1
ISIN19232,Stripe 1
ISIN19233,Stripe 2
ISIN19234,Stripe 2
ISIN19235,Stripe 2
ISIN19236,Stripe 2
ISIN19237,Stripe 6
ISIN19238,Stripe 2
ISIN19239,Stripe 3
ISIN19240,Stripe 3
ISIN19241,Stripe 3
ISIN19242,Stripe 3
ISIN19243,Stripe 2
ISIN19254,Stripe 0
ISIN19255,Stripe 2
ISIN19256,Stripe 2
ISIN19257,Stripe 2
ISIN19258,Stripe 2
ISIN19259,Stripe 2
ISIN19260,Stripe 2
ISIN19261,Stripe 6
ISIN19262,Stripe 6
ISIN19263,Stripe 6
ISIN19265,Stripe 0
ISIN19266,Stripe 0
ISIN19267,Stripe 2
ISIN19268,Stripe 2
ISIN19269,Stripe 2
ISIN19270,Stripe 2
ISIN19271,Stripe 1
ISIN19273,Stripe 8
ISIN19288,Stripe 0
ISIN19289,Stripe 2
ISIN19290,Stripe 0
ISIN19292,Stripe 2
ISIN19293,Stripe 2
ISIN19294,Stripe 8
ISIN19295,Stripe 0
ISIN19297,Stripe 2
ISIN19298,Stripe 2
ISIN19299,Stripe 2
ISIN19300,Stripe 2
ISIN19301,Stripe 2
ISIN19302,Stripe 1
ISIN19303,Stripe 2
ISIN19304,Stripe 2
ISIN19305,Stripe 2
ISIN19306,Stripe 0
ISIN19307,Stripe 5
ISIN19308,Stripe 0
ISIN19309,Stripe 0
ISIN19310,Stripe 2
ISIN19311,Stripe 2
ISIN19312,Stripe 6
ISIN19313,Stripe 6
ISIN19314,Stripe 2
ISIN19317,Stripe 2
ISIN19318,Stripe 2
ISIN19319,Stripe 4
ISIN19320,Stripe 4
ISIN19321,Stripe 2
ISIN19322,Stripe 2
ISIN19323,Stripe 4
ISIN19324,Stripe 4
ISIN19325,Stripe 4
ISIN19326,Stripe 4
ISIN19329,Stripe 2
ISIN19330,Stripe 2
ISIN19331,Stripe 2
ISIN19332,Stripe 8
ISIN19333,Stripe 8
ISIN19334,Stripe 8
ISIN19335,Stripe 2
ISIN19336,Stripe 0
ISIN19337,Stripe 2
ISIN19338,Stripe 6
ISIN19339,Stripe 6
ISIN19340,Stripe 2
ISIN19341,Stripe 2
ISIN19342,Stripe 2
ISIN19343,Stripe 8
ISIN19344,Stripe 8
ISIN19345,Stripe 8
ISIN19346,Stripe 2
ISIN19347,Stripe 5
ISIN19350,Stripe 2
ISIN19352,Stripe 2
ISIN19353,Stripe 8
ISIN19356,Stripe 2
ISIN19357,Stripe 2
ISIN19358,Stripe 2
ISIN19359,Stripe 2
ISIN19360,Stripe 4
ISIN19361,Stripe 4
ISIN19362,Stripe 2
ISIN19364,Stripe 8
ISIN19365,Stripe 4
ISIN19366,Stripe 2
ISIN19367,Stripe 2
ISIN19370,Stripe 4
ISIN19371,Stripe 8
ISIN19372,Stripe 8
ISIN19373,Stripe 8
ISIN19374,Stripe 2
ISIN19375,Stripe 2
ISIN19376,Stripe 8
ISIN19377,Stripe 2
ISIN19378,Stripe 2
ISIN19379,Stripe 2
ISIN19380,Stripe 2
ISIN19381,Stripe 2
ISIN19382,Stripe 2
ISIN19383,Stripe 2
ISIN19384,Stripe 2
ISIN19385,Stripe 2
ISIN19386,Stripe 2
ISIN19387,Stripe 2
ISIN19388,Stripe 2
ISIN19389,Stripe 2
ISIN19390,Stripe 2
ISIN19392,Stripe 2
ISIN19393,Stripe 2
ISIN19394,Stripe 2
ISIN19395,Stripe 2
ISIN19396,Stripe 8
ISIN19397,Stripe 1
ISIN19398,Stripe 1
ISIN19399,Stripe 1
ISIN19400,Stripe 1
ISIN19401,Stripe 1
ISIN19402,Stripe 2
ISIN19404,Stripe 8
ISIN19405,Stripe 2
ISIN19406,Stripe 8
ISIN19407,Stripe 2
ISIN19408,Stripe 2
ISIN19410,Stripe 2
ISIN19411,Stripe 6
ISIN19412,Stripe 2
ISIN19414,Stripe 8
ISIN19415,Stripe 8
ISIN19417,Stripe 4
ISIN19418,Stripe 1
ISIN19419,Stripe 0
ISIN19421,Stripe 2
ISIN19422,Stripe 2
ISIN19423,Stripe 2
ISIN19424,Stripe 10
ISIN19426,Stripe 0
ISIN19427,Stripe 2
ISIN19428,Stripe 2
ISIN19429,Stripe 2
ISIN19430,Stripe 2
ISIN19433,Stripe 2
ISIN19434,Stripe 4
ISIN19435,Stripe 6
ISIN19436,Stripe 2
ISIN19437,Stripe 2
ISIN19438,Stripe 8
ISIN19439,Stripe 8
ISIN19440,Stripe 8
ISIN19441,Stripe 2
ISIN19442,Stripe 6
ISIN19443,Stripe 6
ISIN19444,Stripe 6
ISIN19445,Stripe 6
ISIN19446,Stripe 6
ISIN19447,Stripe 6
ISIN19448,Stripe 4
ISIN19449,Stripe 4
ISIN19450,Stripe 4
ISIN19451,Stripe 4
ISIN19452,Stripe 2
ISIN19453,Stripe 4
ISIN19454,Stripe 1
ISIN19455,Stripe 1
ISIN19456,Stripe 4
ISIN19458,Stripe 1
ISIN19459,Stripe 2
ISIN19461,Stripe 2
ISIN19462,Stripe 2
ISIN19463,Stripe 4
ISIN19464,Stripe 2
ISIN19466,Stripe 0
ISIN19468,Stripe 8
ISIN19469,Stripe 8
ISIN19470,Stripe 6
ISIN19472,Stripe 0
ISIN19473,Stripe 0
ISIN19475,Stripe 4
ISIN19476,Stripe 2
ISIN19479,Stripe 4
ISIN19481,Stripe 4
ISIN19482,Stripe 2
ISIN19484,Stripe 6
ISIN19486,Stripe 8
ISIN19487,Stripe 4
ISIN19490,Stripe 1
ISIN19491,Stripe 1
ISIN19492,Stripe 1
ISIN19493,Stripe 1
ISIN19494,Stripe 1
ISIN19495,Stripe 1
ISIN19496,Stripe 1
ISIN19497,Stripe 1
ISIN19498,Stripe 1
ISIN19499,Stripe 1
ISIN19500,Stripe 1
ISIN19502,Stripe 1
ISIN19504,Stripe 1
ISIN19505,Stripe 1
ISIN19506,Stripe 1
ISIN19507,Stripe 1
ISIN19508,Stripe 0
ISIN19509,Stripe 2
ISIN19510,Stripe 2
ISIN19512,Stripe 1
ISIN19514,Stripe 1
ISIN19515,Stripe 1
ISIN19516,Stripe 1
ISIN19517,Stripe 1
ISIN19519,Stripe 2
ISIN19520,Stripe 2
ISIN19521,Stripe 2
ISIN19522,Stripe 2
ISIN19525,Stripe 10
ISIN19527,Stripe 10
ISIN19528,Stripe 4
ISIN19529,Stripe 2
ISIN19530,Stripe 2
ISIN19531,Stripe 2
ISIN19532,Stripe 8
ISIN19533,Stripe 4
ISIN19534,Stripe 4
ISIN19536,Stripe 4
ISIN19537,Stripe 2
ISIN19538,Stripe 2
ISIN19539,Stripe 5
ISIN19540,Stripe 2
ISIN19541,Stripe 2
ISIN19542,Stripe 8
ISIN19543,Stripe 2
ISIN19544,Stripe 4
ISIN19545,Stripe 2
ISIN19546,Stripe 2
ISIN19547,Stripe 2
ISIN19548,Stripe 0
ISIN19549,Stripe 0
ISIN19550,Stripe 0
ISIN19551,Stripe 8
ISIN19552,Stripe 2
ISIN19553,Stripe 2
ISIN19554,Stripe 8
ISIN19555,Stripe 8
ISIN19556,Stripe 2
ISIN19557,Stripe 2
ISIN19558,Stripe 2
ISIN19559,Stripe 2
ISIN19560,Stripe 2
ISIN19561,Stripe 2
ISIN19566,Stripe 2
ISIN19567,Stripe 2
ISIN19568,Stripe 2
ISIN19569,Stripe 2
ISIN19570,Stripe 2
ISIN19571,Stripe 4
ISIN19572,Stripe 2
ISIN19573,Stripe 0
ISIN19574,Stripe 8
ISIN19575,Stripe 8
ISIN19576,Stripe 8
ISIN19577,Stripe 8
ISIN19578,Stripe 2
ISIN19579,Stripe 2
ISIN19580,Stripe 0
ISIN19581,Stripe 2
ISIN19582,Stripe 2
ISIN19583,Stripe 4
ISIN19584,Stripe 2
ISIN19585,Stripe 6
ISIN19586,Stripe 6
ISIN19588,Stripe 2
ISIN19589,Stripe 1
ISIN19590,Stripe 0
ISIN19591,Stripe 4
ISIN19592,Stripe 4
ISIN19605,Stripe 4
ISIN19606,Stripe 4
ISIN19607,Stripe 2
ISIN19608,Stripe 2
ISIN19612,Stripe 2
ISIN19613,Stripe 2
ISIN19614,Stripe 4
ISIN19615,Stripe 4
ISIN19616,Stripe 2
ISIN19617,Stripe 2
ISIN19618,Stripe 2
ISIN19619,Stripe 2
ISIN19620,Stripe 2
ISIN19621,Stripe 2
ISIN19622,Stripe 2
ISIN19623,Stripe 2
ISIN19624,Stripe 2
ISIN19625,Stripe 2
ISIN19626,Stripe 4
ISIN19628,Stripe 4
ISIN19629,Stripe 4
ISIN19632,Stripe 4
ISIN19635,Stripe 0
ISIN19636,Stripe 6
ISIN19637,Stripe 2
ISIN19638,Stripe 4
ISIN19639,Stripe 2
ISIN19640,Stripe 2
ISIN19641,Stripe 8
ISIN19642,Stripe 7
ISIN19643,Stripe 7
ISIN19644,Stripe 4
ISIN19645,Stripe 0
ISIN19646,Stripe 8
ISIN19648,Stripe 7
ISIN19649,Stripe 7
ISIN19651,Stripe 2
ISIN19652,Stripe 2
ISIN19653,Stripe 2
ISIN19654,Stripe 2
ISIN19655,Stripe 2
ISIN19657,Stripe 2
ISIN19658,Stripe 2
ISIN19663,Stripe 4
ISIN19664,Stripe 4
ISIN19665,Stripe 2
ISIN19666,Stripe 2
ISIN19667,Stripe 0
ISIN19668,Stripe 0
ISIN19669,Stripe 2
ISIN19671,Stripe 8
ISIN19672,Stripe 2
ISIN19673,Stripe 2
ISIN19675,Stripe 2
ISIN19676,Stripe 2
ISIN19677,Stripe 2
ISIN19678,Stripe 2
ISIN19681,Stripe 8
ISIN19682,Stripe 8
ISIN19683,Stripe 2
ISIN19684,Stripe 0
ISIN19685,Stripe 0
ISIN19686,Stripe 0
ISIN19688,Stripe 0
ISIN19690,Stripe 0
ISIN19691,Stripe 0
ISIN19692,Stripe 2
ISIN19693,Stripe 2
ISIN19694,Stripe 2
ISIN19695,Stripe 6
ISIN19696,Stripe 6
ISIN19697,Stripe 8
ISIN19698,Stripe 2
ISIN19699,Stripe 2
ISIN19704,Stripe 2
ISIN19705,Stripe 2
ISIN19706,Stripe 8
ISIN19707,Stripe 5
ISIN19709,Stripe 2
ISIN19710,Stripe 6
ISIN19711,Stripe 6
ISIN19712,Stripe 6
ISIN19713,Stripe 6
ISIN19714,Stripe 2
ISIN19715,Stripe 2
ISIN19716,Stripe 5
ISIN19717,Stripe 5
ISIN19719,Stripe 2
ISIN19720,Stripe 2
ISIN19721,Stripe 4
ISIN19723,Stripe 5
ISIN19725,Stripe 2
ISIN19728,Stripe 0
ISIN19729,Stripe 8
ISIN19730,Stripe 4
ISIN19731,Stripe 6
ISIN19732,Stripe 2
ISIN19733,Stripe 8
ISIN19735,Stripe 1
ISIN19736,Stripe 0
ISIN19737,Stripe 5
ISIN19738,Stripe 0
ISIN19739,Stripe 0
ISIN19740,Stripe 2
ISIN19741,Stripe 2
ISIN19742,Stripe 8
ISIN19743,Stripe 0
ISIN19745,Stripe 4
ISIN19746,Stripe 4
ISIN19747,Stripe 2
ISIN19749,Stripe 4
ISIN19750,Stripe 4
ISIN19752,Stripe 2
ISIN19753,Stripe 2
ISIN19755,Stripe 2
ISIN19756,Stripe 6
ISIN19757,Stripe 2
ISIN19759,Stripe 2
ISIN19760,Stripe 2
ISIN19761,Stripe 2
ISIN19762,Stripe 2
ISIN19763,Stripe 8
ISIN19764,Stripe 8
ISIN19765,Stripe 2
ISIN19768,Stripe 0
ISIN19770,Stripe 2
ISIN19771,Stripe 2
ISIN19774,Stripe 8
ISIN19776,Stripe 4
ISIN19777,Stripe 2
ISIN19778,Stripe 2
ISIN19779,Stripe 2
ISIN19780,Stripe 2
ISIN19781,Stripe 2
ISIN19782,Stripe 2
ISIN19783,Stripe 2
ISIN19786,Stripe 4
ISIN19787,Stripe 0
ISIN19788,Stripe 4
ISIN19789,Stripe 0
ISIN19790,Stripe 4
ISIN19791,Stripe 0
ISIN19792,Stripe 2
ISIN19793,Stripe 0
ISIN19794,Stripe 4
ISIN19795,Stripe 2
ISIN19796,Stripe 2
ISIN19797,Stripe 2
ISIN19798,Stripe 2
ISIN19799,Stripe 2
ISIN19800,Stripe 2
ISIN19801,Stripe 4
ISIN19802,Stripe 2
ISIN19804,Stripe 2
ISIN19805,Stripe 2
ISIN19809,Stripe 2
ISIN19811,Stripe 2
ISIN19812,Stripe 2
ISIN19813,Stripe 2
ISIN19814,Stripe 2
ISIN19815,Stripe 2
ISIN19816,Stripe 2
ISIN19817,Stripe 6
ISIN19818,Stripe 2
ISIN19820,Stripe 4
ISIN19823,Stripe 2
ISIN19825,Stripe 0
ISIN19826,Stripe 8
ISIN19827,Stripe 6
ISIN19828,Stripe 6
ISIN19830,Stripe 6
ISIN19831,Stripe 6
ISIN19832,Stripe 6
ISIN19833,Stripe 2
ISIN19834,Stripe 4
ISIN19835,Stripe 2
ISIN19836,Stripe 2
ISIN19837,Stripe 2
ISIN19838,Stripe 2
ISIN19839,Stripe 2
ISIN19840,Stripe 2
ISIN19841,Stripe 2
ISIN19842,Stripe 2
ISIN19844,Stripe 6
ISIN19845,Stripe 6
ISIN19846,Stripe 8
ISIN19847,Stripe 2
ISIN19848,Stripe 2
ISIN19849,Stripe 2
ISIN19850,Stripe 2
ISIN19851,Stripe 2
ISIN19852,Stripe 2
ISIN19853,Stripe 2
ISIN19854,Stripe 4
ISIN19855,Stripe 4
ISIN19856,Stripe 2
ISIN19857,Stripe 4
ISIN19858,Stripe 4
ISIN19860,Stripe 4
ISIN19861,Stripe 2
ISIN19862,Stripe 2
ISIN19863,Stripe 2
ISIN19864,Stripe 2
ISIN19865,Stripe 4
ISIN19867,Stripe 2
ISIN19869,Stripe 2
ISIN19870,Stripe 5
ISIN19872,Stripe 2
ISIN19873,Stripe 6
ISIN19874,Stripe 0
ISIN19876,Stripe 4
ISIN19877,Stripe 5
ISIN19878,Stripe 2
ISIN19880,Stripe 4
ISIN19881,Stripe 8
ISIN19883,Stripe 2
ISIN19884,Stripe 2
ISIN19885,Stripe 2
ISIN19886,Stripe 2
ISIN19887,Stripe 2
ISIN19888,Stripe 4
ISIN19889,Stripe 2
ISIN19892,Stripe 8
ISIN19893,Stripe 2
ISIN19894,Stripe 6
ISIN19895,Stripe 6
ISIN19896,Stripe 6
ISIN19897,Stripe 2
ISIN19898,Stripe 1
ISIN19899,Stripe 1
ISIN19900,Stripe 2
ISIN19901,Stripe 8
ISIN19902,Stripe 0
ISIN19903,Stripe 0
ISIN19904,Stripe 0
ISIN19905,Stripe 8
ISIN19906,Stripe 2
ISIN19910,Stripe 2
ISIN19911,Stripe 2
ISIN19912,Stripe 2
ISIN19914,Stripe 2
ISIN19915,Stripe 2
ISIN19918,Stripe 2
ISIN19919,Stripe 2
ISIN19920,Stripe 2
ISIN19921,Stripe 2
ISIN19922,Stripe 2
ISIN19923,Stripe 2
ISIN19924,Stripe 2
ISIN19925,Stripe 8
ISIN19926,Stripe 8
ISIN19927,Stripe 2
ISIN19928,Stripe 2
ISIN19931,Stripe 4
ISIN19932,Stripe 4
ISIN19933,Stripe 6
ISIN19938,Stripe 1
ISIN19940,Stripe 1
ISIN19942,Stripe 2
ISIN19945,Stripe 0
ISIN19948,Stripe 6
ISIN19949,Stripe 6
ISIN19950,Stripe 6
ISIN19953,Stripe 5
ISIN19955,Stripe 5
ISIN19957,Stripe 5
ISIN19959,Stripe 2
ISIN19963,Stripe 3
ISIN19965,Stripe 1
ISIN19967,Stripe 2
ISIN19970,Stripe 3
ISIN19971,Stripe 3
ISIN19972,Stripe 0
ISIN19974,Stripe 3
ISIN19976,Stripe 5
ISIN19977,Stripe 6
ISIN19978,Stripe 3
ISIN19979,Stripe 0
ISIN19982,Stripe 3
ISIN19983,Stripe 5
ISIN19984,Stripe 2
ISIN19986,Stripe 3
ISIN19993,Stripe 3
ISIN19997,Stripe 2
ISIN20001,Stripe 5
ISIN20002,Stripe 2
ISIN20003,Stripe 5
ISIN20004,Stripe 5
ISIN20005,Stripe 0
ISIN20008,Stripe 0
ISIN20011,Stripe 5
ISIN20012,Stripe 0
ISIN20013,Stripe 2
ISIN20014,Stripe 3
ISIN20015,Stripe 6
ISIN20017,Stripe 3
ISIN20018,Stripe 4
ISIN20019,Stripe 3
ISIN20021,Stripe 5
ISIN20023,Stripe 5
ISIN20024,Stripe 3
ISIN20026,Stripe 0
ISIN20027,Stripe 6
ISIN20028,Stripe 3
ISIN20030,Stripe 0
ISIN20032,Stripe 1
ISIN20034,Stripe 0
ISIN20038,Stripe 0
ISIN20040,Stripe 2
ISIN20041,Stripe 3
ISIN20043,Stripe 5
ISIN20046,Stripe 4
ISIN20048,Stripe 1
ISIN20049,Stripe 3
ISIN20050,Stripe 4
ISIN20052,Stripe 0
ISIN20053,Stripe 4
ISIN20054,Stripe 0
ISIN20056,Stripe 0
ISIN20057,Stripe 5
ISIN20060,Stripe 6
ISIN20061,Stripe 2
ISIN20064,Stripe 3
ISIN20065,Stripe 0
ISIN20066,Stripe 0
ISIN20068,Stripe 0
ISIN20069,Stripe 0
ISIN20076,Stripe 5
ISIN20077,Stripe 3
ISIN20078,Stripe 3
ISIN20082,Stripe 1
ISIN20083,Stripe 1
ISIN20084,Stripe 4
ISIN20085,Stripe 5
ISIN20088,Stripe 5
ISIN20089,Stripe 6
ISIN20091,Stripe 0
ISIN20093,Stripe 1
ISIN20094,Stripe 0
ISIN20095,Stripe 1
ISIN20096,Stripe 1
ISIN20098,Stripe 2
ISIN20102,Stripe 0
ISIN20103,Stripe 1
ISIN20105,Stripe 2
ISIN20106,Stripe 6
ISIN20108,Stripe 2
ISIN20109,Stripe 0
ISIN20110,Stripe 2
ISIN20111,Stripe 3
ISIN20112,Stripe 2
ISIN20113,Stripe 2
ISIN20114,Stripe 3
ISIN20115,Stripe 3
ISIN20116,Stripe 2
ISIN20117,Stripe 3
ISIN20118,Stripe 0
ISIN20119,Stripe 1
ISIN20120,Stripe 5
ISIN20121,Stripe 5
ISIN20125,Stripe 1
ISIN20127,Stripe 2
ISIN20128,Stripe 0
ISIN20129,Stripe 0
ISIN20132,Stripe 0
ISIN20133,Stripe 3
ISIN20136,Stripe 0
ISIN20138,Stripe 1
ISIN20140,Stripe 1
ISIN20142,Stripe 0
ISIN20144,Stripe 0
ISIN20145,Stripe 1
ISIN20146,Stripe 5
ISIN20147,Stripe 0
ISIN20148,Stripe 2
ISIN20151,Stripe 1
ISIN20152,Stripe 1
ISIN20153,Stripe 5
ISIN20154,Stripe 4
ISIN20155,Stripe 4
ISIN20156,Stripe 3
ISIN20157,Stripe 2
ISIN20160,Stripe 0
ISIN20165,Stripe 0
ISIN20167,Stripe 0
ISIN20168,Stripe 0
ISIN20171,Stripe 1
ISIN20172,Stripe 0
ISIN20175,Stripe 6
ISIN20176,Stripe 6
